;id;age;sex;job_description;jobtype;academic_degree;subject;mother_tounge;school_leave_qualification;agent;lang;culture;german_level;english_level;years_experience_any;years_experience_csharp;c_or_cpp;csharp;fsharp;java;js;php;vbnet;other_languages;are_you_serious;boomerang_participant;encountered_distraction;has_heard_presentation;is_twitter_follower;legacy_participant;would_participate_again;how_did_you_find_us;guess_hypothesis;issues;kotzbox;snippets;submitted;created;duplicate;source
0;411cb6f890f74876bba08fb8a7d59b82;26;m;Softwareentwickler, Frontend;angestellt;ba;Bachelor of Science, Angewandte Informatik;de;abi;"Mozilla/5.0 (Windows NT 6.3; WOW64) AppleWebKit/537.36 (KHTML, like Gecko) Chrome/42.0.2311.152 Safari/537.36";"de-DE,de;q=0.8,en-US;q=0.6,en;q=0.4";de;6;4;5;3;1;3;0;1;4;0;0;;yes;no;no;no;yes;no;no;twitter;oben in der url steht psychologie, deshalb irgendwas mit tieren;dauernd, nein;langweilig, triviale probleme, waren alle schnell und einfach zu lÃ¶sen, bissel anspruchsvoller bitte;['codestructure.semantic.single.html', 'countchildren.semantic.normal.html', 'readini.semantic.abbrev.html', 'parsequerystring.syntactic.single.html', 'concatlists.syntactic.normal.html', 'histogram.syntactic.abbrev.html'];2015-05-20T12:35:24.388Z;2015-05-20T12:34:36.483570;False;/static/templates/forms/questions3.de.html
1;a1f5b052bf2540dcaf5693aec331ed01;37;m;Software-Entwickler;angestellt;lehre;Industrietechnologe;de;abi;"Mozilla/5.0 (Windows NT 6.1; Win64; x64) AppleWebKit/537.36 (KHTML, like Gecko) Chrome/43.0.2357.65 Safari/537.36";"en,en-US;q=0.8,de-DE;q=0.6,de;q=0.4";de;6;5;10;7;1;4;3;0;2;0;2;Pascal/Delphi, Basic;yes;no;no;yes;yes;2013;yes;Twitter;Die FÃ¤higkeit, an einer Online-Umfrage teilzunehmen. AuÃŸerdem die Auswirkungen der QualitÃ¤t von Bezeichnern auf die Lesbarkeit und VerstÃ¤ndlichkeit von Code.;;Die Variablennamen waren bisweilen katastrophal. Empathic Code geht anders!;['countchildren.semantic.normal.html', 'codestructure.semantic.single.html', 'readini.semantic.abbrev.html', 'parsequerystring.syntactic.normal.html', 'concatlists.syntactic.single.html', 'histogram.syntactic.abbrev.html'];2015-05-20T13:35:04.446Z;2015-05-20T13:34:13.712081;False;/static/templates/forms/questions3.de.html
2;7140e75721074680a24636577baa4c2c;32;m;Master of Science Informatik;student;ba;Bachelor of Science Informatik;de;abi;"Mozilla/5.0 (Windows NT 6.1; Win64; x64) AppleWebKit/537.36 (KHTML, like Gecko) Chrome/42.0.2311.152 Safari/537.36";"de-DE,de;q=0.8,en-US;q=0.6,en;q=0.4";de;5;4;13;10;1;3;1;2;1;1;0;Java, PHP, F#, R, JavaScript, C, C++;yes;no;no;no;yes;2013;yes;Twitter;Wie wir Code lesen und verstehen und was sich bzgl. der FehleranfÃ¤lligkeit von Code daraus ergibt.;;Awesome! Weiter so und viel Erfolg mit der BA!;['parsequerystring.semantic.abbrev.html', 'concatlists.semantic.single.html', 'histogram.semantic.normal.html', 'readini.syntactic.single.html', 'countchildren.syntactic.abbrev.html', 'codestructure.syntactic.normal.html'];2015-05-21T20:42:17.617Z;2015-05-21T20:41:26.701314;False;/static/templates/forms/questions3.de.html
3;0ba6d88b74f04445941144bfc0fa222d;37;m;Vorstand, Entwicklungsleiter;selbststÃ¤ndig;none;Chefabiturient;de;abi;"Mozilla/5.0 (Windows NT 6.3; WOW64; Trident/7.0; Touch; rv:11.0) like Gecko";de-DE;de;6;5;16;12;1;4;3;2;4;1;4;Delphi, Visual Basic 6.0, Fortran;yes;no;no;no;no;no;yes;Empfehlung eines Kollegen;Die Auswirkung von CodequalitÃ¤t auf die Lesbarkeit, sowohl semantisch als syntaktisch.;;;['countchildren.semantic.single.html', 'readini.semantic.normal.html', 'codestructure.semantic.abbrev.html', 'histogram.syntactic.abbrev.html', 'parsequerystring.syntactic.single.html', 'concatlists.syntactic.normal.html'];2015-05-20T13:05:55.662Z;2015-05-20T13:05:05.782236;False;/static/templates/forms/questions3.de.html
4;b9d7ece73f8e4586959c39a74934d284;37;m;CTO;selbststÃ¤ndig;none;Studium abgebrochen;de;abi;"Mozilla/5.0 (Windows NT 6.3; WOW64; rv:38.0) Gecko/20100101 Firefox/38.0";"de,en-US;q=0.7,en;q=0.3";de;6;5;20;15;1;4;2;1;2;0;3;;yes;no;no;no;no;no;yes;Arbeitskollege;Lesbarkeit von Code;Nein;Die Ergebnisse wÃ¼rden mich sehr interessieren;['codestructure.semantic.single.html', 'readini.semantic.abbrev.html', 'countchildren.semantic.normal.html', 'concatlists.syntactic.normal.html', 'histogram.syntactic.abbrev.html', 'parsequerystring.syntactic.single.html'];2015-05-20T13:13:56.282Z;2015-05-20T13:13:06.339916;True;/static/templates/forms/questions3.de.html
5;00b7d4aba419442ba0f98b006d885575;20;m;Softwareentwickler .NET;angestellt;lehre;Fachinformatiker Anwendungsentwicklung;de;mr;"Mozilla/5.0 (Windows NT 6.3; WOW64; Trident/7.0; rv:11.0) like Gecko";de-DE;de;6;4;4;4;0;4;0;1;2;1;2;;yes;no;no;no;no;no;yes;Kollege;Lesbarkeit von Code;;;['readini.semantic.normal.html', 'codestructure.semantic.single.html', 'countchildren.semantic.abbrev.html', 'concatlists.syntactic.abbrev.html', 'histogram.syntactic.single.html', 'parsequerystring.syntactic.normal.html'];2015-05-20T13:09:54.916Z;2015-05-20T13:09:04.931675;False;/static/templates/forms/questions3.de.html
6;e3d36e7a919a42d4859dae9722239bda;32;m;Expert Consultant, IT Berater in der Finanzbranche mit Schwerpunkt Entwicklung & technische Teamleitung;angestellt;lehre;Fachinformatiker fÃ¼r Anwendungsentwicklung;de;mr;"Mozilla/5.0 (Windows NT 6.1; WOW64; rv:38.0) Gecko/20100101 Firefox/38.0";"de,en-US;q=0.7,en;q=0.3";de;6;4;18;10;1;4;0;1;2;3;4;C#, C++, C, Java, PHP, JavaScript, CSS, HTML, VB.NET, Visual Basic 6, SQL, T-SQL, Ruby, Turbo Pascal;yes;no;no;no;no;2013;yes;Ich weiÃŸ nciht mehr, ist ja schon ne weile her.;Wie schnell Leute mit und ohne Erfahrung Fehler im Code finden. Also wie sehr Erfahrung und Talent in der Entwicklung wirken.;Nein;;['countchildren.semantic.single.html', 'readini.semantic.abbrev.html', 'codestructure.semantic.normal.html', 'parsequerystring.syntactic.single.html', 'histogram.syntactic.abbrev.html', 'concatlists.syntactic.normal.html'];2015-05-20T13:22:40.465Z;2015-05-20T13:21:50.455657;False;/static/templates/forms/questions3.de.html
7;be1b3b6aa0f2481cb47a38d935c9d5f0;30;m;Softwareentwickler;angestellt;msc;Dipl.-Inform. MSc. Informatics;de;other;"Mozilla/5.0 (Windows NT 6.3; Win64; x64) AppleWebKit/537.36 (KHTML, like Gecko) Chrome/43.0.2357.65 Safari/537.36";"en-US,en;q=0.8,de-DE;q=0.6,de;q=0.4";de;4;4;14;12;1;4;1;1;3;1;1;JavaScript, Python, Ruby, CoffeeScript, F#, PowerShell, Bash;yes;no;no;yes;yes;2013;yes;Von dir selbst;Mentales Mapping von Variablennamen auf deren Bedeutung. Wieviel Kontext kann eine Person auf einmal erfassen.;;;['codestructure.semantic.normal.html', 'countchildren.semantic.single.html', 'readini.semantic.abbrev.html', 'histogram.syntactic.normal.html', 'parsequerystring.syntactic.abbrev.html', 'concatlists.syntactic.single.html'];2015-05-20T13:46:25.829Z;2015-05-20T13:45:35.721349;False;/static/templates/forms/questions3.de.html
8;42efb260aa64492d9423adcbc860eafe;32;m;Software Developer;angestellt;ba;Bachelor;other;other;"Mozilla/5.0 (Windows NT 6.1; WOW64; Trident/7.0; rv:11.0) like Gecko";en-US;de;5;5;15;4;1;4;0;1;1;1;1;Borland C++, Delphi Pascal,;yes;no;no;no;no;no;yes;WeiÃŸ nicht mehr;"Es wurde untersucht, wie der Entwickler Fehler im Quelltext findet. Manche Fehlern sind schwer zu finden, anderer einfacher. Aber auch wie die Fehlersuche gemacht wird ist ein groÃŸer Punkt (hin un her schieben der Klappe, um den Quelltext zu verstehen zum Beispiel.

Weil, sehr wichtig, um den Fehler zu finden, muss man vorher den Quelltext verstehen (Was es tut, wie es funktioniert und welches Ablauf hat es)";;;['readini.semantic.single.html', 'countchildren.semantic.abbrev.html', 'codestructure.semantic.normal.html', 'parsequerystring.syntactic.single.html', 'concatlists.syntactic.abbrev.html', 'histogram.syntactic.normal.html'];2015-05-20T13:24:10.078Z;2015-05-20T13:23:20.104280;False;/static/templates/forms/questions3.de.html
9;fb42e2ec502b42df9a937df5d3964d8d;32;m;Softwareentwickler (Freelancer);selbststÃ¤ndig;msc;Dipl.-Inform. (BA);de;abi;"Mozilla/5.0 (Windows NT 6.3; WOW64) AppleWebKit/537.36 (KHTML, like Gecko) Chrome/42.0.2311.152 Safari/537.36";"de-DE,de;q=0.8,en-US;q=0.6,en;q=0.4";de;5;4;12;8;1;4;0;1;2;2;1;Java, JavaScript, PHP, VB.NET;yes;no;no;no;no;2013;yes;Email;HauptsÃ¤chlich wurde wohl untersucht, welchen Einfluss die Benennung von Variablen auf die VerstÃ¤ndlichkeit des Codes hat.;;"Hat SpaÃŸ gemacht, gerne wieder! Das Ganze kÃ¶nnte sich (mit anderen Code-Beispielen) auch als Challenge vermarkten lassen ;)";['readini.semantic.single.html', 'codestructure.semantic.abbrev.html', 'countchildren.semantic.normal.html', 'histogram.syntactic.single.html', 'concatlists.syntactic.abbrev.html', 'parsequerystring.syntactic.normal.html'];2015-05-20T13:26:38.551Z;2015-05-20T13:25:47.674191;False;/static/templates/forms/questions3.de.html
10;f8b3fd416fa2463f867ae66631bd3ad5;44;m;Senior Software Engineet;angestellt;none;Abiturient?;de;abi;"Mozilla/5.0 (X11; Ubuntu; Linux x86_64; rv:38.0) Gecko/20100101 Firefox/38.0";"en-US,en;q=0.5";de;6;4;20;5;4;3;2;2;1;0;1;Python, Assembler, Pascal;yes;no;no;yes;yes;no;yes;Twitter + OpenSpace;Zusammenhang Lesbarkeit von Variablen und Geschwindigkeit des Fehlerfindes;Einmal: bei ZurÃ¼ckZumCode ging danach Space erst das dritte oder vierte mal;Sehr sehr schÃ¶n gemacht.;['codestructure.semantic.normal.html', 'countchildren.semantic.abbrev.html', 'readini.semantic.single.html', 'parsequerystring.syntactic.normal.html', 'histogram.syntactic.abbrev.html', 'concatlists.syntactic.single.html'];2015-05-20T13:38:36.706Z;2015-05-20T13:37:47.305534;False;/static/templates/forms/questions3.de.html
11;5349d110076847cdac428f7e3e61e494;35;m;Softwareentwickler;angestellt;msc;Master in Informatics;ru;abi;"Mozilla/5.0 (Windows NT 6.3; WOW64; rv:38.0) Gecko/20100101 Firefox/38.0";"de,en-US;q=0.7,en;q=0.3";de;6;5;12;7;3;4;2;3;1;1;2;;yes;no;no;no;yes;no;yes;twitter;Cleancode;;;['countchildren.semantic.abbrev.html', 'codestructure.semantic.single.html', 'readini.semantic.normal.html', 'concatlists.syntactic.single.html', 'parsequerystring.syntactic.normal.html', 'histogram.syntactic.abbrev.html'];2015-05-20T13:39:53.056Z;2015-05-20T13:39:03.001561;False;/static/templates/forms/questions3.de.html
12;87d7f6da24bf4ddc81154f0f3423c99f;34;m;Senior .NET Software Engineer;angestellt;none;-;ru;abi;"Mozilla/5.0 (Windows NT 6.1; WOW64) AppleWebKit/537.36 (KHTML, like Gecko) Chrome/42.0.2311.152 Safari/537.36";"en-US,en;q=0.8,de-DE;q=0.6,de;q=0.4,ru;q=0.2";de;6;5;15;10;2;4;4;2;2;2;1;Delphi, Haskell;yes;no;no;yes;yes;2013;yes;Twitter;-;;Hypothese optional machen;['readini.semantic.normal.html', 'countchildren.semantic.single.html', 'codestructure.semantic.abbrev.html', 'histogram.syntactic.single.html', 'concatlists.syntactic.normal.html', 'parsequerystring.syntactic.abbrev.html'];2015-05-20T13:28:30.107Z;2015-05-20T13:27:40.128733;False;/static/templates/forms/questions3.de.html
13;724b59f61e234fc6ac01dcac8458f280;46;m;Softwarearchitekt;angestellt;msc;Dipl.-Ing. (FH);de;abi;"Mozilla/5.0 (compatible; MSIE 10.0; Windows NT 6.1; WOW64; Trident/6.0)";de-DE;de;6;6;25;14;2;3;0;1;1;1;2;Python, Perl, Basic, Fortran,;yes;no;no;yes;no;no;yes;Vortrag auf DWX + anschlieÃŸende Mail;"Hier wurde untersucht, wie einfach/schwierig es ist, Fehler zu finden, wenn die Namen der verwendeten Variablen bewusst ""kryptisch"" sind und jeweils nur kleine Sinnabschnitte sichtbar sind, so dass gerade verborgene Information ""im Hinterkopf"" behalten warden muss.";Nein.;;['readini.semantic.abbrev.html', 'codestructure.semantic.single.html', 'countchildren.semantic.normal.html', 'parsequerystring.syntactic.single.html', 'histogram.syntactic.normal.html', 'concatlists.syntactic.abbrev.html'];2015-05-20T13:40:22.251Z;2015-05-20T13:39:32.237077;False;/static/templates/forms/questions3.de.html
14;6c63ccd6bf4140ec9e6eacef7759eec3;39;m;Softwareentwickler;angestellt;msc;Dipl.Ing (FH) Vermessung & Geomatik;de;abi;"Mozilla/5.0 (Windows NT 6.1; WOW64; rv:37.0) Gecko/20100101 Firefox/37.0";"de,en-US;q=0.7,en;q=0.3";de;4;4;11;4;3;3;0;1;0;1;1;C++, Python, Ruby, TCL/TK, Perl, Bash scripting, Amiga Basic;yes;no;no;no;no;2013;yes;email;wie aufmerksam wird Quellcode gelesen;nein;;['readini.semantic.single.html', 'codestructure.semantic.normal.html', 'countchildren.semantic.abbrev.html', 'parsequerystring.syntactic.abbrev.html', 'concatlists.syntactic.normal.html', 'histogram.syntactic.single.html'];2015-05-20T14:02:01.599Z;2015-05-20T14:01:50.304013;False;/static/templates/forms/questions3.de.html
15;999abf76a2b5463496b9e6b66ba152a0;26;m;Softwareentwickler;angestellt;msc;Master of Science;de;abi;"Mozilla/5.0 (Windows NT 6.3; WOW64) AppleWebKit/537.36 (KHTML, like Gecko) Chrome/42.0.2311.152 Safari/537.36";"de-DE,de;q=0.8,en-US;q=0.6,en;q=0.4,fr;q=0.2";de;5;4;10;2;1;3;0;2;2;3;0;;yes;no;no;no;no;no;maybe;Empfehlung eines Kollegen;Die Schwierigkeit schlecht geschriebenen Quellcode zu verstehen.;;;['readini.semantic.single.html', 'countchildren.semantic.normal.html', 'codestructure.semantic.abbrev.html', 'concatlists.syntactic.normal.html', 'parsequerystring.syntactic.abbrev.html', 'histogram.syntactic.single.html'];2015-05-20T13:55:05.611Z;2015-05-20T13:54:15.446045;False;/static/templates/forms/questions3.de.html
16;99e6e65f2e884c2797149661e60a53b3;35;m;Software-Entwickler;angestellt;msc;Dipl.-Inform. (FH);ru;abi;"Mozilla/5.0 (Windows NT 6.1; WOW64; rv:37.0) Gecko/20100101 Firefox/37.0";"en-US,en;q=0.5";de;6;5;15;7;1;4;0;1;2;2;4;ABAP, Ruby, Python, VBA;yes;no;no;yes;yes;2013;yes;Email;Die AbhÃ¤ngigkeit der Lesbarkeit des Codes von Variablen- und Metodennamen.;Nein,;Viel Erfolg mit der Studie und viele GrÃ¼ÃŸe von Alex Susdorf!;['countchildren.semantic.abbrev.html', 'readini.semantic.single.html', 'codestructure.semantic.normal.html', 'concatlists.syntactic.abbrev.html', 'parsequerystring.syntactic.normal.html', 'histogram.syntactic.single.html'];2015-05-20T15:41:29.159Z;2015-05-20T15:40:36.017238;False;/static/templates/forms/questions3.de.html
17;dfc5e16eab524e5a974516e180e91b70;15;m;Softwareentwickler;angestellt;ba;Bachelor of Engineering;de;abi;"Mozilla/5.0 (Macintosh; Intel Mac OS X 10_10_3) AppleWebKit/537.36 (KHTML, like Gecko) Chrome/43.0.2357.65 Safari/537.36";"en-US,en;q=0.8,de-DE;q=0.6,de;q=0.4";de;5;4;8;7;1;3;1;1;3;1;0;;yes;no;no;yes;yes;2013;yes;Email;"Ich denke, es geht darum Metriken zu finden, die die Analyse von Fehlern im Code zu vereinfachen.
Ich bin gespannt auf die Auswertung zum DevOpenSpace! :-)";Nein;"Die Seite ist super gemacht, Johannes.
Hut ab!";['codestructure.semantic.abbrev.html', 'readini.semantic.normal.html', 'countchildren.semantic.single.html', 'concatlists.syntactic.single.html', 'histogram.syntactic.abbrev.html', 'parsequerystring.syntactic.normal.html'];2015-05-20T14:25:11.218Z;2015-05-20T14:24:21.587554;False;/static/templates/forms/questions3.de.html
18;28085f503a364fecbacf220dc34c8de7;31;m;Softwareentwickler;selbststÃ¤ndig;lehre;Mediengestalter;de;mr;"Mozilla/5.0 (Macintosh; Intel Mac OS X 10_10_3) AppleWebKit/537.36 (KHTML, like Gecko) Chrome/42.0.2311.152 Safari/537.36";"en,de;q=0.8,fr;q=0.6";de;6;4;16;11;0;4;0;0;3;0;1;VBScript, SQL, HTML, CSS, Sass, LESS, TypeScript, CoffeeScript;yes;no;no;no;yes;2013;yes;;-;;;['countchildren.semantic.single.html', 'codestructure.semantic.abbrev.html', 'readini.semantic.normal.html', 'histogram.syntactic.abbrev.html', 'concatlists.syntactic.single.html', 'parsequerystring.syntactic.normal.html'];2015-05-20T15:15:17.053Z;2015-05-20T15:14:26.870571;False;/static/templates/forms/questions3.de.html
19;b2e601f093aa4719afc310cb84cbeda1;33;m;Wirtschaftsinformatiker;angestellt;msc;Dipl. Ing Informatik (FH);de;abi;"Mozilla/5.0 (Windows NT 6.1; WOW64) AppleWebKit/537.36 (KHTML, like Gecko) Chrome/42.0.2311.152 Safari/537.36";"de-DE,de;q=0.8,en-US;q=0.6,en;q=0.4";de;6;5;15;7;1;4;0;3;2;2;0;Ruby, Perl, Bash, KSH,;yes;no;no;no;no;2013;yes;EMail;Lesbarkeit von Code und die Auswirkung von Variablennamen auf die Wahrscheinlichkeit, Fehler zu finden.;Nein;Spannende Studie, bin auf das Ergebnis gespannt.;['countchildren.semantic.abbrev.html', 'codestructure.semantic.normal.html', 'readini.semantic.single.html', 'concatlists.syntactic.single.html', 'histogram.syntactic.normal.html', 'parsequerystring.syntactic.abbrev.html'];2015-05-20T15:54:56.996Z;2015-05-20T15:54:06.885071;False;/static/templates/forms/questions3.de.html
20;dee3062e14dd4b4096c8818c2c4e43b3;26;m;Consultant fÃ¼r Softwareentwicklung;angestellt;other;Dipl.-Ing. (BA), Informationstechnik;de;abi;"Mozilla/5.0 (Windows NT 6.3; WOW64) AppleWebKit/537.36 (KHTML, like Gecko) Chrome/42.0.2311.152 Safari/537.36";"de-DE,de;q=0.8,en-US;q=0.6,en;q=0.4";de;4;4;8;5;0;4;1;1;3;0;0;Elixir;yes;no;no;yes;no;no;maybe;Twitter;In welcher Reihenfolge Code gelesen wird.;;;['parsequerystring.semantic.single.html', 'concatlists.semantic.normal.html', 'histogram.semantic.abbrev.html', 'countchildren.syntactic.single.html', 'readini.syntactic.abbrev.html', 'codestructure.syntactic.normal.html'];2015-05-21T21:40:13.479Z;2015-05-21T21:39:22.056025;False;/static/templates/forms/questions3.de.html
21;53ab11ca61944adb8dda003934e9f48f;37;m;Application Developer;angestellt;other;Operative IT-Professional (IHK);de;mr;"Mozilla/5.0 (Windows NT 6.3; WOW64; rv:38.0) Gecko/20100101 Firefox/38.0";"en-US,en;q=0.5";de;6;6;15;8;1;4;1;1;1;1;1;;yes;no;no;no;yes;no;maybe;Twitter;Die Bedeutung von bedeutungsvollen Variablennamen auf die lesbarkeit und verstÃ¤ndlichkeit von Code.;;;['readini.semantic.normal.html', 'countchildren.semantic.abbrev.html', 'codestructure.semantic.single.html', 'histogram.syntactic.abbrev.html', 'parsequerystring.syntactic.normal.html', 'concatlists.syntactic.single.html'];2015-05-20T17:55:47.271Z;2015-05-20T17:55:00.379380;False;/static/templates/forms/questions3.de.html
22;2810c173dba347bc93c326ec21d35a53;29;m;Softwarearchitekt;angestellt;lehre;Fachinformatiker;de;abi;"Mozilla/5.0 (Macintosh; Intel Mac OS X 10_10_3) AppleWebKit/537.36 (KHTML, like Gecko) Chrome/42.0.2311.90 Safari/537.36";"de,en;q=0.8";de;4;4;11;10;0;3;0;1;3;1;1;;yes;no;no;no;no;no;yes;Twitter;Die Lesbarkeit und VerstÃ¤ndlichkeit des Quellcodes.;;;['parsequerystring.semantic.normal.html', 'concatlists.semantic.single.html', 'histogram.semantic.abbrev.html', 'countchildren.syntactic.single.html', 'codestructure.syntactic.normal.html', 'readini.syntactic.abbrev.html'];2015-05-20T18:02:10.011Z;2015-05-20T18:01:19.680891;False;/static/templates/forms/questions3.de.html
23;d2c8b05698e9407fb61794470e36d026;51;m;Trainer und Berater;selbststÃ¤ndig;none;-;de;abi;"Mozilla/5.0 (Macintosh; Intel Mac OS X 10_9_5) AppleWebKit/600.5.17 (KHTML, like Gecko) Version/7.1.5 Safari/537.85.14";de-de;de;6;5;35;15;2;4;1;1;1;0;2;C, C++, SQL, Groovy, Pascal;yes;no;no;yes;no;2013;yes;;Es soll herausgefunden werden, ob es Muster beim Umgang mit Code zur Fehlerhebung gibt - die womÃ¶glich noch mit Erfahrung usw. korrelieren.;;;['concatlists.semantic.normal.html', 'parsequerystring.semantic.abbrev.html', 'histogram.semantic.single.html', 'codestructure.syntactic.normal.html', 'countchildren.syntactic.single.html', 'readini.syntactic.abbrev.html'];2015-05-20T18:30:35.918Z;2015-05-20T18:29:45.552169;False;/static/templates/forms/questions3.de.html
24;b163ccefdf5a480f88fa102653cd5d3f;37;m;Technical Director;angestellt;msc;Master of Science (Mathematics and Computer Science);de;abi;"Mozilla/5.0 (Windows NT 6.3; WOW64) AppleWebKit/537.36 (KHTML, like Gecko) Chrome/42.0.2311.135 Safari/537.36";"de-DE,de;q=0.8,en-US;q=0.6,en;q=0.4";de;6;5;12;10;1;4;1;2;0;0;1;Matlab, R;yes;no;no;yes;yes;2013;yes;Twitter, Email UND Empfehlung eines Kollegen :D;"Der Einfluss Variablennamen auf die Lesbarkeit von Code - dank des gleitenden Sichtbereiches lÃ¤sst sich bestimmt toll quantifizieren wie oft der Blick gewandert ist um die Bedeutung von Variablen ins GedÃ¤chtnis zu rufen. Bei einer Folgestudie dann bitte eye-tracking devices fÃ¼r alle! ;-)";;In Abschnitt 4 habe ich eigentlich gar nicht auf die Variablennamen und deren Bedeutung geachtet, sondern nur verfolgt, welche Variable welchen Typ hat, und ob Operationen darauf kompilieren wÃ¼rden.;['histogram.semantic.normal.html', 'concatlists.semantic.abbrev.html', 'parsequerystring.semantic.single.html', 'readini.syntactic.abbrev.html', 'countchildren.syntactic.single.html', 'codestructure.syntactic.normal.html'];2015-05-20T20:38:06.160Z;2015-05-20T20:37:17.562459;False;/static/templates/forms/questions3.de.html
25;95992f0bc4de4027bb6926136bd0b955;38;m;IT-Berater;selbststÃ¤ndig;msc;Dipl.-Phys.;de;abi;"Mozilla/5.0 (Windows NT 6.3; WOW64) AppleWebKit/537.36 (KHTML, like Gecko) Chrome/42.0.2311.152 Safari/537.36";"de-DE,de;q=0.8,en-US;q=0.6,en;q=0.4";de;6;6;14;10;1;4;2;1;3;1;1;Delphi, Python, Ruby, Assembler, Fortran77;yes;no;no;yes;yes;2013;yes;email;AbhÃ¤ngigkeit der LÃ¶sungsdauer von der Klarheit der Bezeichner;;;['histogram.semantic.abbrev.html', 'concatlists.semantic.normal.html', 'parsequerystring.semantic.single.html', 'readini.syntactic.normal.html', 'codestructure.syntactic.single.html', 'countchildren.syntactic.abbrev.html'];2015-05-20T21:08:30.355Z;2015-05-20T21:07:29.933064;False;/static/templates/forms/questions3.de.html
26;79ccccf38e4846acae075619a28ba44f;42;m;Software Entwickler;angestellt;msc;Mikrotechnik-Ingenieur FH, MAS Software-Entwicklung;de;abi;"Mozilla/5.0 (Windows NT 6.1; WOW64) AppleWebKit/537.36 (KHTML, like Gecko) Chrome/42.0.2311.152 Safari/537.36";"de-DE,de;q=0.8,en;q=0.6,en-US;q=0.4";de;6;4;15;15;2;4;0;2;3;0;0;Python;yes;no;no;no;no;no;yes;Empfehlung eines Kollegen;Lesbarkeit des Codes;Nein;;['concatlists.semantic.normal.html', 'parsequerystring.semantic.single.html', 'histogram.semantic.abbrev.html', 'countchildren.syntactic.abbrev.html', 'codestructure.syntactic.normal.html', 'readini.syntactic.single.html'];2015-05-22T09:29:01.564Z;2015-05-22T09:28:08.456629;False;/static/templates/forms/questions3.de.html
27;6184095bb30f4300bdde9900b3f62c0b;45;m;Software-Entwickler;selbststÃ¤ndig;msc;M.Sc. Medienwissenschaft;de;abi;"Mozilla/5.0 (Macintosh; Intel Mac OS X 10_10_3) AppleWebKit/537.36 (KHTML, like Gecko) Chrome/42.0.2311.152 Safari/537.36";"de-DE,de;q=0.8,en-US;q=0.6,en;q=0.4";de;6;4;20;10;1;3;1;1;2;3;2;ELAN;yes;no;no;no;no;no;yes;Twitter;Einfluss von Kommentaren / Variablenbenennung auf das Code-VerstÃ¤ndnis;nein;Tolle Sache!;['parsequerystring.semantic.normal.html', 'concatlists.semantic.abbrev.html', 'histogram.semantic.single.html', 'codestructure.syntactic.normal.html', 'countchildren.syntactic.abbrev.html', 'readini.syntactic.single.html'];2015-05-21T07:12:01.401Z;2015-05-21T07:11:10.181500;False;/static/templates/forms/questions3.de.html
28;9c5d3cd1a4fe4b0094c5468fbc426e60;42;m;Senior Software Developer;angestellt;msc;Dipl.-Math.;de;abi;"Mozilla/5.0 (Windows NT 6.1; Win64; x64) AppleWebKit/537.36 (KHTML, like Gecko) Chrome/43.0.2357.65 Safari/537.36";"de-DE,de;q=0.8,en-US;q=0.6,en;q=0.4";de;6;5;20;12;2;4;1;1;1;1;2;;yes;no;no;no;yes;no;maybe;Twitter;Einfluss von sinnvollen Variablennamen auf die Dauer bis zur Beantwortung.;;Die Reihenfolge der Abarbeitung hat ebenso Einfluss. Bei der ersten Frage wird vermutlich mehr Zeit gebraucht.;['parsequerystring.semantic.single.html', 'histogram.semantic.normal.html', 'concatlists.semantic.abbrev.html', 'countchildren.syntactic.single.html', 'readini.syntactic.normal.html', 'codestructure.syntactic.abbrev.html'];2015-05-21T08:05:49.291Z;2015-05-21T08:04:57.986117;False;/static/templates/forms/questions3.de.html
29;04c8566f6ddf4e619b975390f556151d;36;m;Consultant;angestellt;none;Keinen;de;mr;"Mozilla/5.0 (Macintosh; Intel Mac OS X 10_10_4) AppleWebKit/537.36 (KHTML, like Gecko) Chrome/42.0.2311.152 Safari/537.36";"en-US,en;q=0.8";de;6;5;18;12;0;4;0;1;4;0;1;;yes;no;yes;no;no;no;yes;Empfehlung eines Kollegen;Analytisches Denken;Nein;;['parsequerystring.semantic.single.html', 'concatlists.semantic.abbrev.html', 'histogram.semantic.normal.html', 'codestructure.syntactic.single.html', 'countchildren.syntactic.abbrev.html', 'readini.syntactic.normal.html'];2015-05-21T08:28:13.262Z;2015-05-21T08:27:22.007744;False;/static/templates/forms/questions3.de.html
30;ebabc82ce5ce45728c9b646e7e706ed5;35;m;GeschÃ¤ftsfÃ¼hrer;angestellt;none;-;de;abi;"Mozilla/5.0 (Macintosh; Intel Mac OS X 10_10_2) AppleWebKit/537.36 (KHTML, like Gecko) Chrome/42.0.2311.152 Safari/537.36";"en-US,en;q=0.8,de;q=0.6";de;6;6;18;12;1;4;0;2;4;0;1;;yes;no;no;no;yes;no;yes;Kollege;Wie oft man zurÃ¼ckblÃ¤ttern musste ...;Nein;;['parsequerystring.semantic.single.html', 'histogram.semantic.abbrev.html', 'concatlists.semantic.normal.html', 'readini.syntactic.normal.html', 'codestructure.syntactic.abbrev.html', 'countchildren.syntactic.single.html'];2015-05-21T09:38:10.297Z;2015-05-21T09:37:14.906828;False;/static/templates/forms/questions3.de.html
31;111e089bbc894e30bcbe2ef30dc7a000;36;m;Senior .NET Software Engineer;angestellt;ba;B.Sc. Informatik;de;abi;"Mozilla/5.0 (Windows NT 6.1; WOW64; rv:38.0) Gecko/20100101 Firefox/38.0";"en-GB,en;q=0.5";de;6;4;17;4;1;4;3;2;1;1;2;Go, Scheme, Common Lisp, Perl, Phyton;yes;no;no;no;no;no;maybe;Empfehlung eines Kollegen;Bezeichnerbenamung.;;;['parsequerystring.semantic.abbrev.html', 'concatlists.semantic.normal.html', 'histogram.semantic.single.html', 'readini.syntactic.single.html', 'countchildren.syntactic.normal.html', 'codestructure.syntactic.abbrev.html'];2015-05-21T10:28:19.710Z;2015-05-21T10:27:29.377488;False;/static/templates/forms/questions3.de.html
32;6ca65975dc4c4c639de22dcc264f4367;24;m;Softwareentwickler;angestellt;ba;Bachelor of Science, Informatik;de;abi;"Mozilla/5.0 (Windows NT 6.3; Win64; x64) AppleWebKit/537.36 (KHTML, like Gecko) Chrome/43.0.2357.73 Safari/537.36";"de-DE,de;q=0.8,en-US;q=0.6,en;q=0.4";de;6;5;4;2;1;4;0;3;2;0;0;Go;yes;no;no;no;no;no;yes;Email an meine Hochschuladresse;Wie Code aussehen muss, damit er leserlich ist (insbesondere die Namen von Bezeichnern);;"Ich empfand es als etwas hinderlich, dass immer nur ein sehr kleiner Teil des Codes sichtbar war. Falls dies also als Hilfe gedacht ist, finde ich es nicht gelungen.
Wenn es dagegen fÃ¼r die Studie von Bedeutung ist, kann man natÃ¼rlich nichts dagegen sagen.";['histogram.semantic.single.html', 'concatlists.semantic.abbrev.html', 'parsequerystring.semantic.normal.html', 'codestructure.syntactic.abbrev.html', 'readini.syntactic.normal.html', 'countchildren.syntactic.single.html'];2015-05-21T10:12:36.872Z;2015-05-21T10:11:44.832679;False;/static/templates/forms/questions3.de.html
33;bea6e164109b414a816351c589783277;39;m;Software Developer;angestellt;msc;Dipl.-Inf (FH);de;abi;"Mozilla/5.0 (Windows NT 6.1; WOW64) AppleWebKit/537.36 (KHTML, like Gecko) Chrome/42.0.2311.152 Safari/537.36";"de-DE,de;q=0.8,en-US;q=0.6,en;q=0.4";de;6;5;15;4;1;4;1;2;2;1;0;Clojure,Go,Ruby;yes;no;no;no;no;no;maybe;Twitter;Lesbarkeit von Code im Bezug auf Naming von Variablen/Methoden;nein;;['codestructure.semantic.normal.html', 'readini.semantic.single.html', 'countchildren.semantic.abbrev.html', 'histogram.syntactic.normal.html', 'parsequerystring.syntactic.single.html', 'concatlists.syntactic.abbrev.html'];2015-05-21T10:33:35.899Z;2015-05-21T10:32:44.395214;False;/static/templates/forms/questions3.de.html
34;4f5dc40a386d4094a7d2cbcb5c71fa32;48;m;Softwareentwickler;angestellt;msc;Dipl.-Ing. (FH);de;abi;"Mozilla/5.0 (Windows NT 6.1; WOW64) AppleWebKit/537.36 (KHTML, like Gecko) Chrome/42.0.2311.152 Safari/537.36";"de-DE,de;q=0.8,en-US;q=0.6,en;q=0.4";de;5;4;22;9;1;4;0;0;0;0;0;VB6;yes;no;no;yes;no;2013;yes;Kollege;Wie immer bei den Psychologen: Das, wo ich Ã¼berhaupt nicht dran gedacht habe.;nein;;['codestructure.semantic.single.html', 'readini.semantic.normal.html', 'countchildren.semantic.abbrev.html', 'histogram.syntactic.single.html', 'parsequerystring.syntactic.normal.html', 'concatlists.syntactic.abbrev.html'];2015-05-21T11:01:24.728Z;2015-05-21T11:00:33.250965;False;/static/templates/forms/questions3.de.html
35;4458c5d621cd4d28b71cc805a900fc3f;27;m;Entwickler;angestellt;ba;Bachelor of Engineering - Informationstechnik;de;abi;"Mozilla/5.0 (compatible; MSIE 10.0; Windows NT 6.1; WOW64; Trident/6.0)";de-DE;de;4;4;6;3;1;4;0;1;2;0;1;;yes;no;no;no;no;no;yes;Arbeitskollege;Codelesbarkeit;nein;Nach betÃ¤tigen der Leertaste den Tastatur-Fokus direkt auf das Eingabefeld fÃ¼r die Zeilennummer setzen. (IE 10.0);['readini.semantic.abbrev.html', 'codestructure.semantic.normal.html', 'countchildren.semantic.single.html', 'parsequerystring.syntactic.abbrev.html', 'concatlists.syntactic.single.html', 'histogram.syntactic.normal.html'];2015-05-21T11:15:33.609Z;2015-05-21T11:14:42.606941;False;/static/templates/forms/questions3.de.html
36;da43632cf8fd4944889f7aee6e10f977;31;m;.NET Software Engineer;angestellt;other;Fachinformatiker;de;abi;"Mozilla/5.0 (Windows NT 6.3; WOW64; Trident/7.0; MALNJS; rv:11.0) like Gecko";de-DE;de;6;4;10;10;1;3;3;2;2;1;1;C++, PHP, Java, JavaScript, VB, ASP.NET, F#;yes;no;yes;yes;yes;no;yes;Empfehlung eines Kollegen;"Ob ich Johannes Hofmeister kenne :)
Oder ob man Quelltext schnell lesen und korrigieren kann";;;['readini.semantic.abbrev.html', 'countchildren.semantic.single.html', 'codestructure.semantic.normal.html', 'concatlists.syntactic.single.html', 'parsequerystring.syntactic.abbrev.html', 'histogram.syntactic.normal.html'];2015-05-21T12:30:16.059Z;2015-05-21T12:29:24.381530;False;/static/templates/forms/questions3.de.html
37;b7fb4c0597f84a4db660bf30f47943cd;31;m;Softwareentwickler;angestellt;msc;Master Informatik;de;abi;"Mozilla/5.0 (Windows NT 6.3; WOW64; rv:38.0) Gecko/20100101 Firefox/38.0";"de,en-US;q=0.7,en;q=0.3";de;6;4;12;3;1;4;0;2;1;2;0;Turbo Pascal, Delphi, ActionScript;yes;no;no;no;no;no;yes;Empfehlung eines Kollegen per Twitter;Wenn die Beispiele komplexer wÃ¤ren, wÃ¼rde ich auf die Reihenfolge tippen, in der Code gelesen wird (analog zu Blickrichtungsmessungen bei Nutzer-Tests fÃ¼r GUIs);die Bedienung per Tastatur war manchmal hakelig;;['countchildren.semantic.normal.html', 'readini.semantic.abbrev.html', 'codestructure.semantic.single.html', 'parsequerystring.syntactic.abbrev.html', 'histogram.syntactic.normal.html', 'concatlists.syntactic.single.html'];2015-06-09T12:10:07.790Z;2015-06-09T12:08:47.818134;False;/static/templates/forms/questions1.de.html
38;c2ae0176fa4b4f20bacf872b9795bd6f;36;m;Senior Software Engineer;angestellt;msc;Dipl.-Inform;de;abi;"Mozilla/5.0 (Windows NT 6.3; WOW64) AppleWebKit/537.36 (KHTML, like Gecko) Chrome/42.0.2311.152 Safari/537.36";"en-US,en;q=0.8,de-DE;q=0.6,de;q=0.4";de;6;5;9;7;2;4;1;2;2;0;2;Java, C, C++, JavaScript, F#, VB.NET, Scala, Ruby, Closure, Brainfuck;yes;no;no;yes;yes;no;yes;Twitter;Dein Lieblingsthema: gute Benamsung im code - und der fÃ¶rdert einen schnelleren Ãœberblick.;nein;Hast Du alle Algorithmen in den 3 Abstufungen (ganz kryptische Variablen, halb kryptisch, leserlich) gefertigt und gibst jedem Teilnehmer zufÃ¤llige Kombinationen davon, um den Einfluss der verschiedenen Algorithmen zu vernachlÃ¤ssigen? Bestimmt. Ist cool 8-);['countchildren.semantic.single.html', 'codestructure.semantic.normal.html', 'readini.semantic.abbrev.html', 'histogram.syntactic.normal.html', 'concatlists.syntactic.abbrev.html', 'parsequerystring.syntactic.single.html'];2015-05-21T18:58:43.563Z;2015-05-21T18:57:44.315751;False;/static/templates/forms/questions3.de.html
39;a40661c57a2643fbb5f2ce0d59c38103;28;m;Software-Entwickler, Trainer, Berater;angestellt;ba;Bachelor Of Science (Angewandte Informatik);de;abi;"Mozilla/5.0 (Windows NT 6.3; WOW64) AppleWebKit/537.36 (KHTML, like Gecko) Chrome/42.0.2311.152 Safari/537.36";"en-US,en;q=0.8,de-DE;q=0.6,de;q=0.4";de;6;4;9;5;1;4;0;1;2;0;1;HTML, JavaScript;yes;no;no;no;no;no;yes;XING (.NET User Group Karlsruhe);VerstÃ¤ndlichkeit von Semantik im Vergleich zur Syntax;;;['histogram.semantic.single.html', 'parsequerystring.semantic.abbrev.html', 'concatlists.semantic.normal.html', 'codestructure.syntactic.single.html', 'countchildren.syntactic.normal.html', 'readini.syntactic.abbrev.html'];2015-05-21T19:16:39.816Z;2015-05-21T19:15:49.727872;False;/static/templates/forms/questions3.de.html
40;494bde147af24a6eb791f5499fb5be54;27;m;Softwareentwickler;angestellt;msc;Master Informatik;de;abi;"Mozilla/5.0 (Windows NT 6.3; WOW64) AppleWebKit/537.36 (KHTML, like Gecko) Chrome/42.0.2311.152 Safari/537.36";"en-US,en;q=0.8,de;q=0.6";de;6;6;6;2;4;3;0;4;2;1;1;;yes;no;no;no;no;no;maybe;;Wie Entwickler den Code lesen und verstehen.;;;['histogram.semantic.normal.html', 'concatlists.semantic.single.html', 'parsequerystring.semantic.abbrev.html', 'countchildren.syntactic.abbrev.html', 'readini.syntactic.single.html', 'codestructure.syntactic.normal.html'];2015-05-21T19:27:56.051Z;2015-05-21T19:26:44.517205;False;/static/templates/forms/questions3.de.html
41;0c31c982546a457ba951c6a3f5df6660;32;m;MÃ¤dchen fÃ¼r alles;selbststÃ¤ndig;lehre;keinen;de;abi;"Mozilla/5.0 (Macintosh; Intel Mac OS X 10_10_3) AppleWebKit/537.36 (KHTML, like Gecko) Chrome/42.0.2311.152 Safari/537.36";"de-DE,de;q=0.8,en-US;q=0.6,en;q=0.4";de;5;4;10;11;1;3;0;1;1;1;1;;yes;no;no;yes;yes;2013;yes;"Twitter, Drohanrufe ;-)";"Ob ich im 23 Uhr noch Code lesen kann?

VerhÃ¤ltnis von unterschiedlichen AnsÃ¤tzen Code zu schreiben. D.h. reicht die Kurzform fÃ¼r Variablen etc. oder sind sprechende Texte besser? Was ist sprechend?";nein.;;['histogram.semantic.abbrev.html', 'parsequerystring.semantic.normal.html', 'concatlists.semantic.single.html', 'readini.syntactic.single.html', 'codestructure.syntactic.abbrev.html', 'countchildren.syntactic.normal.html'];2015-05-21T21:08:12.938Z;2015-05-21T21:07:20.822103;False;/static/templates/forms/questions3.de.html
42;0bcad9ad606e44359d059b9deaf9279d;38;m;Senior Software Engineer;angestellt;none;Dipl. Wirtschaftsinformatiker (FH);de;abi;"Mozilla/5.0 (Windows NT 6.1; WOW64; rv:38.0) Gecko/20100101 Firefox/38.0";"de,en-US;q=0.7,en;q=0.3";de;5;4;15;2;1;3;0;1;3;1;3;VBA, Prolog, Phyton;yes;no;no;no;no;no;yes;XING Gruppe;Die Lesbarkeit von Quellcode anhand der Bearbeitungszeit der Aufgaben.;;;['concatlists.semantic.abbrev.html', 'histogram.semantic.single.html', 'parsequerystring.semantic.normal.html', 'codestructure.syntactic.normal.html', 'readini.syntactic.abbrev.html', 'countchildren.syntactic.single.html'];2015-05-22T06:33:00.707Z;2015-05-22T06:32:36.486149;False;/static/templates/forms/questions3.de.html
43;2e9147c100b74daab26aaedc687ae6e3;45;m;Team Lead Development;angestellt;msc;Dipl.-Ingenieur;de;abi;"Mozilla/5.0 (Windows NT 6.1; WOW64) AppleWebKit/537.36 (KHTML, like Gecko) Chrome/43.0.2357.65 Safari/537.36";"de-DE,de;q=0.8,en-US;q=0.6,en;q=0.4";de;6;4;25;3;2;3;0;1;2;0;0;Pascal (Delphi), Assembler;yes;no;no;no;no;no;yes;XING;"Erfassen von Sachverhalten, die nicht in Muttersprache und nicht in ""sprechenden"" Termini dargeboten wurden.";nein;UnabhÃ¤ngig von dem, was wirklich untersucht wurde, machen diese Aufgaben Spass :);['concatlists.semantic.single.html', 'parsequerystring.semantic.abbrev.html', 'histogram.semantic.normal.html', 'countchildren.syntactic.normal.html', 'readini.syntactic.abbrev.html', 'codestructure.syntactic.single.html'];2015-05-22T07:07:20.909Z;2015-05-22T07:06:28.307464;False;/static/templates/forms/questions3.de.html
44;dbe68fffb39e446ba383a2c580444872;34;m;Developer;angestellt;msc;Diplom Wirtsschaftsinformatiker;de;abi;"Mozilla/5.0 (Windows NT 6.3; WOW64; Trident/7.0; rv:11.0) like Gecko";"de-DE,de;q=0.8,en-US;q=0.5,en;q=0.3";de;5;5;10;8;1;4;0;1;2;1;4;;yes;no;no;yes;yes;2013;yes;Twitter;Z.B. Ob Kommentare gelesen werden und ob diese zum finden von Fehlern als hilfreich betrachtet werden. Ob Code zuerst quer-gelesen wird um Fehler zu finden oder ob linear gearbeitet wird.;Nein.;;['parsequerystring.semantic.abbrev.html', 'histogram.semantic.normal.html', 'concatlists.semantic.single.html', 'readini.syntactic.abbrev.html', 'countchildren.syntactic.normal.html', 'codestructure.syntactic.single.html'];2015-05-22T07:59:56.489Z;2015-05-22T07:55:11.890062;True;/static/templates/forms/questions3.de.html
45;5cae49dda66846b79b4ac91510f146d4;30;m;Softwareentwickler / -architekt;angestellt;lehre;Staatlich geprÃ¼fter Techniker, Elektrotechnik, Datenverarbeitung;ru;abi;"Mozilla/5.0 (Windows NT 6.1; WOW64; Trident/7.0; rv:11.0) like Gecko";de-DE;de;5;5;10;7;3;4;1;0;3;0;1;"Visual C++,
C++ AMP";yes;no;no;no;no;no;yes;Xing-Gruppe: .NET User Groups;Da es, meiner Erfahrung nach, in solchen psychologischen Studien meistens um andere Sachen geht als einem zuerst erzÃ¤hlt wird, bin ich etwas skeptisch. Ich kÃ¶nnte mir denken, dass es darum ging, ob die Angaben auf der ersten Seite (Erfahrung in Jahren etc.) sich mit den gelieferten Ergenissen decken, weil an dieser Stelle gerne gelogen wird.;"Bei der EinfÃ¼hrung (Beispiel-Snippet) hat das Popup Ã¼ber der TextBox mit der Zeilennummer den Code verdeckt. Habe erst vergeblich versucht es wegzuklicken bis ich darauf gekommen bin, dass ich auf den ""Weiter""-Button klicken muss.";;['histogram.semantic.single.html', 'parsequerystring.semantic.normal.html', 'concatlists.semantic.abbrev.html', 'codestructure.syntactic.normal.html', 'readini.syntactic.single.html', 'countchildren.syntactic.abbrev.html'];2015-05-22T08:43:48.765Z;2015-05-22T08:40:23.279323;False;/static/templates/forms/questions3.de.html
46;1f6a1160f7d941cfb72a1245810091ec;32;m;Business Applications Expert;angestellt;lehre;Fachinformatiker Systemintegration;de;mr;"Mozilla/5.0 (Windows NT 6.1; Win64; x64) AppleWebKit/537.36 (KHTML, like Gecko) Chrome/42.0.2311.152 Safari/537.36";"en-US,en;q=0.8,de;q=0.6";de;6;4;12;9;0;3;0;1;3;2;3;Objective-C, Ruby, T-Sql;yes;no;no;no;no;no;maybe;Twitter;Ob aussagekraeftige Variablennamen die Fehleranalyse erleichtern / beschleunigen, bzw ob man weniger Kommentare lesen muss, wenn Variablen eindeutig bezeichnet sind.;;;['readini.semantic.normal.html', 'codestructure.semantic.abbrev.html', 'countchildren.semantic.single.html', 'concatlists.syntactic.abbrev.html', 'parsequerystring.syntactic.single.html', 'histogram.syntactic.normal.html'];2015-05-22T09:51:42.657Z;2015-05-22T09:50:49.643179;True;/static/templates/forms/questions3.de.html
47;2fca3f8b6ed24867bdbb6bd798700668;37;m;Berater;angestellt;lehre;Fachinformatiker Anwendungsentwicklung;de;abi;"Mozilla/5.0 (Windows NT 6.3; WOW64; Trident/7.0; rv:11.0) like Gecko";de-DE;de;6;6;20;8;2;3;0;1;2;1;3;;yes;no;no;yes;yes;2013;yes;Email;Die Vorgehensweise bei der Analyse von Code. Durch den nur kleinen sichtbaren Ausschnitt ist man als Entwickler gezwungen, ihn hin- und herzuschieben, sobald man etwas betrachtet, das nach einer mÃ¶glichen Fehlerquelle aussieht und in Zusammenhang mit einer anderen Zeile Code stehen kÃ¶nnte (wie war die Variable noch einmal deklariert? was genau war noch gleich der Zweck der Methode?...) Durch das Schieben kann in der Studie erkannt werden, wie ein Entwickler Code liest. Ãœbrigens: Der Wechsel von sprechenden hin zu oskuren Variablennamen war pfiffig. Wenn gerade das Beispiel mit a, b, c, d, e, f irgendetwas zeigen sollte, dann doch, dass die Leute vermutlich HIER als erstes einen Fehler gemacht haben (so wie ich... #fail). :);Nein.;Klasse Studie. Bin an den Ergebnissen interessiert!;['countchildren.semantic.abbrev.html', 'readini.semantic.normal.html', 'codestructure.semantic.single.html', 'parsequerystring.syntactic.abbrev.html', 'histogram.syntactic.single.html', 'concatlists.syntactic.normal.html'];2015-05-22T09:57:48.404Z;2015-05-22T09:56:55.400175;False;/static/templates/forms/questions3.de.html
48;a21c1635c8354afda4c1ec3355ccf1c7;37;m;Developer;angestellt;ba;FH;de;other;"Mozilla/5.0 (Windows NT 6.1; WOW64; Trident/7.0; rv:11.0) like Gecko";de-CH;de;6;4;17;10;2;3;0;1;1;0;1;;yes;no;no;no;no;no;maybe;Xing;Einfluss von Namensgebung, Mustererkennung;;;['codestructure.semantic.normal.html', 'readini.semantic.abbrev.html', 'countchildren.semantic.single.html', 'parsequerystring.syntactic.normal.html', 'histogram.syntactic.single.html', 'concatlists.syntactic.abbrev.html'];2015-05-22T10:26:01.173Z;2015-05-22T10:25:07.979971;False;/static/templates/forms/questions3.de.html
49;d11574130185422aae71a8efd590cef8;48;m;Entwicklungsleiter;angestellt;msc;Dipl.-Inform.;de;abi;"Mozilla/5.0 (Macintosh; Intel Mac OS X 10.10; rv:38.0) Gecko/20100101 Firefox/38.0";"en-US,en;q=0.5";de;6;4;25;7;2;3;0;3;3;1;1;;yes;no;no;no;no;no;yes;Empfehlung eines Kollegen;"Einfluss von Namen auf die VerstÃ¤ndlichkeit von Quellcode?
Aufmerksamkeitsspanne: Wieviele Codezeilen kann man maximal ""im Blick"" haben?
Daraus abgeleitet: Maximale LÃ¤nge von Funktionen, die fÃ¼r einen Programmierer noch beherrschbar ist?";NÃ¶.;"Cooler Fragebogen mit Space-Taste und Korrektur der fehlerhaften Zeile.
Andere FragebÃ¶gen beschrÃ¤nken sich auf blÃ¶de Fragen wie ""Compiliert dieser Quellcode?"". 
Interessant auch die Mischung aus semantischem und syntaktischem Check.
War mir eine Ehre. Gerne wieder. :-)";['countchildren.semantic.normal.html', 'readini.semantic.single.html', 'codestructure.semantic.abbrev.html', 'concatlists.syntactic.normal.html', 'parsequerystring.syntactic.single.html', 'histogram.syntactic.abbrev.html'];2015-05-22T10:59:54.559Z;2015-05-22T10:59:01.387338;False;/static/templates/forms/questions3.de.html
50;13a7c90dc4244362968b8a2b45fd6f4f;36;m;Software-Entwickler / Teamleiter;angestellt;ba;Bachelor of Science - Informatik;de;mr;"Mozilla/5.0 (Windows NT 6.3; WOW64; rv:38.0) Gecko/20100101 Firefox/38.0";"de,en-US;q=0.7,en;q=0.3";de;6;4;15;3;1;4;0;1;3;1;0;Delphi, VB 6,;yes;no;no;yes;no;2013;yes;Mail;Einfluss der Variablenbezeichnungen auf die Lesbarkeit;;;['concatlists.semantic.normal.html', 'histogram.semantic.single.html', 'parsequerystring.semantic.abbrev.html', 'countchildren.syntactic.normal.html', 'readini.syntactic.single.html', 'codestructure.syntactic.abbrev.html'];2015-05-22T11:28:53.266Z;2015-05-22T11:28:00.110205;False;/static/templates/forms/questions3.de.html
51;f1ecc0e6316342f28bc6912466ba9e27;51;m;Softwareentwickler;selbststÃ¤ndig;msc;Dipl. Inf. (FH);de;abi;"Mozilla/5.0 (Windows NT 6.1; WOW64) AppleWebKit/537.36 (KHTML, like Gecko) Chrome/43.0.2357.65 Safari/537.36";"de-DE,de;q=0.8,en-US;q=0.6,en;q=0.4";de;4;4;20;8;3;4;0;0;0;0;0;;yes;no;no;no;no;no;yes;Von einem Kollegen;Die Dauer wie lange ich brauche um die Fehler zu finden.;Nein;Nein;['histogram.semantic.abbrev.html', 'concatlists.semantic.single.html', 'parsequerystring.semantic.normal.html', 'readini.syntactic.abbrev.html', 'codestructure.syntactic.single.html', 'countchildren.syntactic.normal.html'];2015-05-22T12:40:09.240Z;2015-05-22T12:39:15.537477;False;/static/templates/forms/questions3.de.html
52;6ea962eec5e54bfa961a4bf04f6e7c5d;46;m;Softwareentwickler;angestellt;other;---;de;abi;"Mozilla/5.0 (Windows NT 6.3; WOW64) AppleWebKit/537.36 (KHTML, like Gecko) Chrome/42.0.2311.152 Safari/537.36";"de-DE,de;q=0.8,en-US;q=0.6,en;q=0.4";de;4;4;17;8;0;4;0;1;1;1;0;;yes;no;no;yes;yes;2013;yes;Twitter , Email;keine Ahnung :);;;['concatlists.semantic.abbrev.html', 'parsequerystring.semantic.normal.html', 'histogram.semantic.single.html', 'countchildren.syntactic.abbrev.html', 'readini.syntactic.normal.html', 'codestructure.syntactic.single.html'];2015-05-22T13:44:59.347Z;2015-05-22T13:44:07.827755;False;/static/templates/forms/questions3.de.html
53;c94b600e2e8d4806ad269fa74b182f59;44;m;Informatiker;selbststÃ¤ndig;lehre;Dipl.Informatiker;de;abi;"Mozilla/5.0 (Windows NT 6.1; Win64; x64; Trident/7.0; rv:11.0) like Gecko";de-DE;de;6;5;20;10;3;4;1;2;1;0;3;SQL;yes;no;no;yes;no;no;yes;"""Empfehlung eines Kollegen";"Wie stark mich die (leicht idiotischen) Namen vom eigentlichen Problem ablenken ;-)";;;['parsequerystring.semantic.abbrev.html', 'histogram.semantic.single.html', 'concatlists.semantic.normal.html', 'codestructure.syntactic.abbrev.html', 'countchildren.syntactic.single.html', 'readini.syntactic.normal.html'];2015-05-22T17:14:37.911Z;2015-05-22T17:14:09.980210;False;/static/templates/forms/questions3.de.html
54;3a065afdd2764ec0ba20b3116417e688;38;m;Solution Architect;angestellt;lehre;Fachinformatiker;de;mr;"Mozilla/5.0 (Windows NT 6.3; WOW64) AppleWebKit/537.36 (KHTML, like Gecko) Chrome/42.0.2311.152 Safari/537.36";"de,de-DE;q=0.8";de;6;4;13;10;1;4;0;1;3;1;2;VB6, Perl;yes;no;no;no;no;no;maybe;Empfehlung eines Kollegen;kp;nein;;['concatlists.semantic.abbrev.html', 'histogram.semantic.normal.html', 'parsequerystring.semantic.single.html', 'readini.syntactic.abbrev.html', 'codestructure.syntactic.normal.html', 'countchildren.syntactic.single.html'];2015-05-22T20:03:23.991Z;2015-05-22T20:02:31.641477;True;/static/templates/forms/questions3.de.html
55;ac4b21c3cf9645318c244d477ba6410e;28;m;Softwareentwickler;angestellt;msc;MSc, BSc, Fachinformatiker;de;abi;"Mozilla/5.0 (Windows NT 6.3; WOW64) AppleWebKit/537.36 (KHTML, like Gecko) Chrome/43.0.2357.65 Safari/537.36";"en-US,en;q=0.8";de;6;5;12;10;1;4;1;2;1;0;1;;yes;no;no;yes;yes;no;yes;Email;semantisches VerstÃ¤ndnis von Bezeichnern (mit AbkÃ¼rzungen);;hat SpaÃŸ gemacht, ich hÃ¤tte gerne mehr fehler gesucht;['concatlists.semantic.single.html', 'histogram.semantic.normal.html', 'parsequerystring.semantic.abbrev.html', 'codestructure.syntactic.single.html', 'readini.syntactic.normal.html', 'countchildren.syntactic.abbrev.html'];2015-05-22T20:39:58.666Z;2015-05-22T20:39:05.360596;False;/static/templates/forms/questions3.de.html
56;73190a68154f4a0cbe623c9181c0052c;41;m;Softwareentwickler und -architekt;angestellt;other;Staatlich geprÃ¼fter Informatiker;de;abi;"Mozilla/5.0 (Windows NT 6.3; WOW64; rv:38.0) Gecko/20100101 Firefox/38.0";"de,en-US;q=0.7,en;q=0.3";de;5;4;22;5;2;3;0;1;1;1;0;Pascal, Delphi, C++, Ruby, JavaScript, Java, PHP;yes;no;no;yes;yes;no;yes;Twitter;Die Auswirkung auf die Lesbarkeit und das VerstÃ¤ndnis von Quellcode durch aussagekrÃ¤ftige Variablennamen vs. AbkÃ¼rzungen und durch die Vewendung von Englischen Kommentaren statt deutschen.;;;['codestructure.semantic.single.html', 'countchildren.semantic.abbrev.html', 'readini.semantic.normal.html', 'concatlists.syntactic.abbrev.html', 'histogram.syntactic.normal.html', 'parsequerystring.syntactic.single.html'];2015-05-25T12:18:21.082Z;2015-05-25T12:17:22.730542;True;/static/templates/forms/questions3.de.html
57;01734d33189a41c18b2a4a882c66bb9f;23;m;Informatik (Bachelor);student;none;DemnÃ¤chst den Bachelor of Science;de;abi;"Mozilla/5.0 (Windows NT 6.3; WOW64) AppleWebKit/537.36 (KHTML, like Gecko) Chrome/43.0.2357.65 Safari/537.36";"en-US,en;q=0.8,de-DE;q=0.6,de;q=0.4";de;6;5;8;6;1;4;1;2;4;2;0;C#, JavaScript, Swift, C, C++, Java, Python, F#, PHP, TypeScript;yes;no;no;yes;yes;no;maybe;Twitter;Leseverhalten;Nein.;;['codestructure.semantic.abbrev.html', 'readini.semantic.single.html', 'countchildren.semantic.normal.html', 'histogram.syntactic.single.html', 'parsequerystring.syntactic.abbrev.html', 'concatlists.syntactic.normal.html'];2015-05-25T11:32:05.540Z;2015-05-25T11:31:07.250623;True;/static/templates/forms/questions3.de.html
58;1038a7e9bfff41cb92c4f094cab3bb3a;28;m;Web Developer;angestellt;msc;Dipl.-Inform.;other;other;"Mozilla/5.0 (Windows NT 6.3; Win64; x64) AppleWebKit/537.36 (KHTML, like Gecko) Chrome/43.0.2357.73 Safari/537.36";"en-US,en;q=0.8,de-AT;q=0.6,de;q=0.4,sl;q=0.2";de;6;6;8;5;1;4;1;2;4;2;1;;yes;no;no;no;no;no;maybe;Twitter;Da die Kommentare Ã¼ber dem Quellcode standen, und man den Code und die Kommentare nicht gleichzeitig lesen konnte - die haben ja auf die syntaktische Korrektheit des Codes kein Einfluss - vermute ich das es was mit dem Einfluss der Kommentare auf das VerstÃ¤ndnis des gelesenen Codes zu tun hat.;;;['concatlists.semantic.normal.html', 'histogram.semantic.abbrev.html', 'parsequerystring.semantic.single.html', 'codestructure.syntactic.single.html', 'readini.syntactic.abbrev.html', 'countchildren.syntactic.normal.html'];2015-05-25T12:50:12.395Z;2015-05-25T12:49:18.693159;False;/static/templates/forms/questions3.de.html
59;354429b16adf4c07902475fcdc595661;3;m;Softwareentwickler / Archtekt;selbststÃ¤ndig;msc;Dipl.-Inform.;de;abi;"Mozilla/5.0 (Windows NT 6.1; WOW64; rv:32.0) Gecko/20100101 Firefox/32.0";"en-us,en;q=0.5";de;6;5;18;10;1;4;0;1;1;0;0;R, Bash;yes;no;no;yes;yes;2013;yes;Twitter;Wahrscheinlich soll gezeigt werden, dass sprechende Namen fÃ¼r inhaltliche Fehler wichtiger sind als fÃ¼r Syntaxfehler (oder genau dies soll widerlegt werden);nein;;['concatlists.semantic.abbrev.html', 'parsequerystring.semantic.single.html', 'histogram.semantic.normal.html', 'countchildren.syntactic.normal.html', 'codestructure.syntactic.single.html', 'readini.syntactic.abbrev.html'];2015-05-30T11:42:33.554Z;2015-05-30T11:41:31.557145;False;/static/templates/forms/questions3.de.html
60;cd7e549273d94c50b2246c64319c82c5;27;m;Business Application and Development Analyst;angestellt;lehre;Fachinformatiker Fachrichtung Anwendungsentwicklung;de;abi;"Mozilla/5.0 (Windows NT 6.3; WOW64) AppleWebKit/537.36 (KHTML, like Gecko) Chrome/43.0.2357.81 Safari/537.36";"de-DE,de;q=0.8,en-US;q=0.6,en;q=0.4";de;6;4;7;5;1;3;0;1;1;1;3;AutoIt;yes;no;no;no;no;no;yes;Twitter;Ich hab absolut keine Ahnung und auch keine Theorie. Es ging um Code, deswegen war ich interessiert.;;;['readini.semantic.abbrev.html', 'countchildren.semantic.normal.html', 'codestructure.semantic.single.html', 'histogram.syntactic.normal.html', 'concatlists.syntactic.single.html', 'parsequerystring.syntactic.abbrev.html'];2015-05-30T14:38:14.473Z;2015-05-30T14:37:04.349392;False;/static/templates/forms/questions3.de.html
61;4702cac704844bf7af1408fe988d636c;37;m;Configuration Engineer;selbststÃ¤ndig;none;Dipl.-Inform.;de;abi;"Mozilla/5.0 (Windows NT 6.3; WOW64; rv:38.0) Gecko/20100101 Firefox/38.0";"de,en-US;q=0.7,en;q=0.3";de;5;5;16;14;2;4;3;3;3;1;3;Rust, Go, O'Caml, Erlang, Dart, Elixir, Prolog, Python, Perl;yes;no;no;yes;yes;2013;yes;Twitter;Erfahrung <==> FÃ¤higkeit Code zu lesen;"Fokus bei der Eingabe war nicht auf Eingabefeld gesetzt (wenn man Zeilennummer eingeben sollte).
Musste Maus benutzen!!";"Bitte auch ""Keyboard only"" unterstÃ¼tzen.";['concatlists.semantic.single.html', 'parsequerystring.semantic.normal.html', 'histogram.semantic.abbrev.html', 'countchildren.syntactic.single.html', 'codestructure.syntactic.abbrev.html', 'readini.syntactic.normal.html'];2015-05-30T16:34:37.164Z;2015-05-30T16:33:43.264923;False;/static/templates/forms/questions3.de.html
62;a757c193afbc404aae57c2bf0b6ce74e;30;m;Software Engineer;angestellt;ba;Bachelor of science (BA);de;abi;"Mozilla/5.0 (Windows NT 6.1; WOW64) AppleWebKit/537.36 (KHTML, like Gecko) Chrome/43.0.2357.81 Safari/537.36";"de-DE,de;q=0.8,en-US;q=0.6,en;q=0.4";de;6;4;10;3;0;4;1;1;4;0;2;Visual Basic 6;yes;no;no;no;no;no;yes;Twitter;Folgen von ungÃ¼nstiger Variablenbenennung und Dokumentation.;;Gerne wÃ¼rde ich von den Resultaten Ã¼ber den Twitteraccount erfahren.;['histogram.semantic.abbrev.html', 'parsequerystring.semantic.single.html', 'concatlists.semantic.normal.html', 'codestructure.syntactic.abbrev.html', 'readini.syntactic.single.html', 'countchildren.syntactic.normal.html'];2015-05-30T21:24:52.227Z;2015-05-30T21:23:38.712854;False;/static/templates/forms/questions3.de.html
63;2032624690e24f458d3a05e0bfa8698c;35;m;Principal Consultant;angestellt;msc;Master;de;abi;"Mozilla/5.0 (Windows NT 6.3; WOW64) AppleWebKit/537.36 (KHTML, like Gecko) Chrome/43.0.2357.81 Safari/537.36";"de-DE,de;q=0.8,en-US;q=0.6,en;q=0.4,it;q=0.2";de;6;6;20;10;1;4;1;2;3;1;2;Pascal, Modula2, PLSQL, TSQL, Cobol, Scala, CoffeeScript, Ruby;yes;no;no;no;no;no;yes;Twitter;Wohin schaut ein Entwickler wenn er Code liest. Wie verhÃ¤lt es sich mit Code Kommentare und Lesbarkeit.;;;['codestructure.semantic.abbrev.html', 'countchildren.semantic.normal.html', 'readini.semantic.single.html', 'concatlists.syntactic.normal.html', 'histogram.syntactic.single.html', 'parsequerystring.syntactic.abbrev.html'];2015-06-01T08:47:11.677Z;2015-06-01T08:46:02.226961;False;/static/templates/forms/questions3.de.html
64;20c2dd965c5a4fe5a4a806b290a143d0;35;m;Entwickler;angestellt;lehre;Fachinformatiker;de;abi;"Mozilla/5.0 (Windows NT 6.1; WOW64; Trident/7.0; rv:11.0) like Gecko";de-DE;de;4;4;14;12;0;4;0;0;2;2;2;ActionScript, Visual Basic, PHP, JavaScript;yes;no;no;no;no;no;maybe;Empfehlung eines Kollegen;Unterschiede in Dauer des VerstÃ¤ndnisses von gut lesbarem Code zu schlecht lesbarem Code (Variablen nur mit einzelnen Buchstaben benannt). Test, ob sich Codelesbarkeit auf reines SyntaxverstÃ¤ndnis auswirkt.;nein;Hat SpaÃŸ gemacht.;['codestructure.semantic.abbrev.html', 'countchildren.semantic.single.html', 'readini.semantic.normal.html', 'histogram.syntactic.abbrev.html', 'concatlists.syntactic.normal.html', 'parsequerystring.syntactic.single.html'];2015-06-09T10:27:47.743Z;2015-06-09T10:26:25.002587;False;/static/templates/forms/questions3.de.html
65;db660a798526421cbcdab7866cbc0bcf;35;m;Softwareentwickler;angestellt;msc;Dipl.-Ing. Informatik (BA);de;abi;"Mozilla/5.0 (Windows NT 6.1; WOW64; rv:38.0) Gecko/20100101 Firefox/38.0";"de,en-US;q=0.7,en;q=0.3";de;6;4;10;6;2;3;1;1;1;1;0;;yes;no;no;yes;no;no;maybe;Empfehlung eines Kollegen;Lesbarkeit von Code, Benennung von Variablen etc.;;;['histogram.semantic.normal.html', 'parsequerystring.semantic.abbrev.html', 'concatlists.semantic.single.html', 'readini.syntactic.normal.html', 'countchildren.syntactic.abbrev.html', 'codestructure.syntactic.single.html'];2015-06-09T13:15:09.690Z;2015-06-09T13:13:46.743783;False;/static/templates/forms/questions3.de.html
66;c672ce9398d04212a5798966870e5dd8;30;m;Softwareentwickler;angestellt;ba;Bachelor of Science;it;abi;"Mozilla/5.0 (Windows NT 6.1; WOW64; rv:38.0) Gecko/20100101 Firefox/38.0";"en-US,en;q=0.7,de;q=0.3";de;6;4;7;5;3;3;0;1;2;1;3;;yes;no;no;no;no;no;maybe;Kollege;Keine Ahnung :D;"Ja, wenn man mit dem Firefox (38.0.5) auf ""ZurÃ¼ck zum Code"" klickt, kommt man danach durch das DrÃ¼cken auf die Leertaste nicht weiter, ausser man hÃ¤lt die Leertaste gedrÃ¼ckt und klickt in ein Feld rein.";;['parsequerystring.semantic.normal.html', 'histogram.semantic.single.html', 'concatlists.semantic.abbrev.html', 'readini.syntactic.normal.html', 'countchildren.syntactic.single.html', 'codestructure.syntactic.abbrev.html'];2015-06-10T14:57:34.741Z;2015-06-10T14:56:10.007417;False;/static/templates/forms/questions3.de.html
67;833fa3166cc847fea5bcb568bdc32226;45;m;Softwaredesigner;angestellt;none;-;de;abi;"Mozilla/5.0 (Windows NT 6.1; WOW64; Trident/7.0; rv:11.0) like Gecko";de-DE;de;5;4;20;12;2;4;0;1;1;1;2;;yes;no;no;yes;no;no;yes;Twitter;Eigene EinschÃ¤tzung der ProgrammierfÃ¤higkeiten im VerhÃ¤ltnis zum schnellen Analysieren von Quelltexten.;Ja, mit Chrome kam ich nicht durch die Einweisung (Scrollen).;;['countchildren.semantic.normal.html', 'codestructure.semantic.abbrev.html', 'readini.semantic.single.html', 'parsequerystring.syntactic.normal.html', 'concatlists.syntactic.abbrev.html', 'histogram.syntactic.single.html'];2015-06-11T08:23:27.636Z;2015-06-11T08:22:01.782088;False;/static/templates/forms/questions3.de.html
68;60e3920a39df484c9539862682c3c779;44;m;Senior Consultant IT Development;angestellt;msc;Diplom Informatiker der Medizin;de;abi;"Mozilla/5.0 (Windows NT 6.1; WOW64) AppleWebKit/537.36 (KHTML, like Gecko) Chrome/43.0.2357.124 Safari/537.36";"de,de-DE;q=0.8,en-US;q=0.6,en;q=0.4";de;6;4;15;12;0;4;1;1;2;1;3;Smalltalk;yes;no;no;yes;yes;no;yes;Twitter;Lesbarkeit von Quellcode;;;['histogram.semantic.single.html', 'concatlists.semantic.normal.html', 'parsequerystring.semantic.abbrev.html', 'countchildren.syntactic.normal.html', 'codestructure.syntactic.abbrev.html', 'readini.syntactic.single.html'];2015-06-11T08:36:09.152Z;2015-06-11T08:34:43.186373;False;/static/templates/forms/questions3.de.html
69;6998b38b9e9f4c069aaf4999b68014df;33;m;Software Ingenieur;angestellt;msc;Dipl. Ing. Informatik;de;none;"Mozilla/5.0 (Windows NT 6.1; WOW64; rv:38.0) Gecko/20100101 Firefox/38.0";"en-US,en;q=0.5";de;6;5;10;4;1;4;2;1;1;0;0;;yes;no;no;no;no;no;yes;;Wie verschiedene Personen Code lesen;;;['concatlists.semantic.single.html', 'histogram.semantic.abbrev.html', 'parsequerystring.semantic.normal.html', 'countchildren.syntactic.abbrev.html', 'codestructure.syntactic.single.html', 'readini.syntactic.normal.html'];2015-06-11T11:30:32.344Z;2015-06-11T11:29:05.580636;False;/static/templates/forms/questions3.de.html
70;8462cc5900c344efb2dd7dabc36a6eec;36;m;Softwareentwickler;angestellt;ba;Mathematisch-Technischer Softwareentwickler;de;abi;"Mozilla/5.0 (Windows NT 6.3; WOW64) AppleWebKit/537.36 (KHTML, like Gecko) Chrome/43.0.2357.124 Safari/537.36";"de-DE,de;q=0.8,en-US;q=0.6,en;q=0.4";de;5;5;5;5;1;4;2;2;1;0;1;Haskell;yes;no;no;no;no;no;yes;Twitter;Ich denke, dass die Lesbarkeit von Source Code untersucht wurde. Ich kann mir vorstellen, dass unter anderem im Nachhinein ausgewertet wird, wir lange fÃ¼r die Korrekturen benÃ¶tigt wurde und wie oft der Proband dabei zu den Kommentaren navigieren musste. Dies kann man z.B. in VerhÃ¤ltnis zu der Aussagekraft der verwendeten Codebeispiele und Variablen- und Methodennamen setzen.;;Das war interessant, ich bin an den Ergebnissen interessiert.;['histogram.semantic.normal.html', 'parsequerystring.semantic.single.html', 'concatlists.semantic.abbrev.html', 'codestructure.syntactic.abbrev.html', 'countchildren.syntactic.normal.html', 'readini.syntactic.single.html'];2015-06-11T14:08:23.483Z;2015-06-11T14:06:59.149592;False;/static/templates/forms/questions3.de.html
71;a4d27d625ae84572b00e8c7f88a7e23c;32;m;Software Architekt;angestellt;msc;Dipl. Inf. Ing. FH;de;hauptschule;"Mozilla/5.0 (Windows NT 6.1; WOW64) AppleWebKit/537.36 (KHTML, like Gecko) Chrome/43.0.2357.81 Safari/537.36";"en-US,en;q=0.8";de;6;5;8;8;0;4;1;1;0;1;1;;yes;no;no;no;no;no;yes;Empfehlung eines Kollegen;Der Einfluss von Lesbarkeit und klarer Namensgebung auf das einfache Verstehen und finden von Fehlern im Code;;;['parsequerystring.semantic.normal.html', 'histogram.semantic.abbrev.html', 'concatlists.semantic.single.html', 'readini.syntactic.single.html', 'codestructure.syntactic.normal.html', 'countchildren.syntactic.abbrev.html'];2015-06-11T17:33:08.848Z;2015-06-11T17:31:42.289996;False;/static/templates/forms/questions3.de.html
