USER_SESSION_ID,snippets,academic_degree,age,are_you_serious,boomerang_participant,c_or_cpp,created,csharp,culture,encountered_distraction,english_level,fsharp,german_level,has_heard_presentation,how_did_you_find_us,is_twitter_follower,java,job_description,jobtype,js,legacy_participant,mother_tounge,other_languages,php,school_leave_qualification,sex,source,subject,submitted,vbnet,would_participate_again,years_experience_any,years_experience_csharp
411cb6f890f74876bba08fb8a7d59b82,"['codestructure.semantic.single.html', 'countchildren.semantic.normal.html', 'readini.semantic.abbrev.html', 'parsequerystring.syntactic.single.html', 'concatlists.syntactic.normal.html', 'histogram.syntactic.abbrev.html']",ba,26,yes,no,1,2015-05-20T12:34:36.483570,3,de,no,4,0,6,no,twitter,yes,1,"Softwareentwickler, Frontend",angestellt,4,no,de,,0,abi,m,/static/templates/forms/questions3.de.html,"Bachelor of Science, Angewandte Informatik",2015-05-20T12:35:24.388Z,0,no,5,3
9de567008b7444dea2e0fec3a80cbd5c,"['histogram.semantic.normal.html', 'parsequerystring.semantic.abbrev.html', 'concatlists.semantic.single.html', 'readini.syntactic.normal.html', 'countchildren.syntactic.abbrev.html', 'codestructure.syntactic.single.html']",none,26,yes,no,1,2015-05-21T09:20:59.507313,1,de,no,4,0,5,no,Twitter,no,3,Freelancer,selbststÃ¤ndig,4,2013,de,,3,abi,m,/static/templates/forms/questions3.de.html,Keiner,2015-05-21T09:21:50.907Z,0,yes,7,0
a1f5b052bf2540dcaf5693aec331ed01,"['countchildren.semantic.normal.html', 'codestructure.semantic.single.html', 'readini.semantic.abbrev.html', 'parsequerystring.syntactic.normal.html', 'concatlists.syntactic.single.html', 'histogram.syntactic.abbrev.html']",lehre,37,yes,no,1,2015-05-20T13:34:13.712081,4,de,no,5,3,6,yes,Twitter,yes,0,Software-Entwickler,angestellt,2,2013,de,"Pascal/Delphi, Basic",0,abi,m,/static/templates/forms/questions3.de.html,Industrietechnologe,2015-05-20T13:35:04.446Z,2,yes,10,7
7140e75721074680a24636577baa4c2c,"['parsequerystring.semantic.abbrev.html', 'concatlists.semantic.single.html', 'histogram.semantic.normal.html', 'readini.syntactic.single.html', 'countchildren.syntactic.abbrev.html', 'codestructure.syntactic.normal.html']",ba,32,yes,no,1,2015-05-21T20:41:26.701314,3,de,no,4,1,5,no,Twitter,yes,2,Master of Science Informatik,student,1,2013,de,"Java, PHP, F#, R, JavaScript, C, C++",1,abi,m,/static/templates/forms/questions3.de.html,Bachelor of Science Informatik,2015-05-21T20:42:17.617Z,0,yes,13,10
3be5a6f61b1741e5bda3bc773036d5d8,"['readini.semantic.normal.html', 'codestructure.semantic.abbrev.html', 'countchildren.semantic.single.html', 'concatlists.syntactic.abbrev.html', 'parsequerystring.syntactic.single.html', 'histogram.syntactic.normal.html']",msc,25,yes,no,2,2015-05-20T12:39:55.607209,4,de,yes,6,0,6,no,,no,2,Consultant,selbststÃ¤ndig,2,no,de,,2,abi,m,/static/templates/forms/questions3.de.html,MSc.,2015-05-20T12:41:08.730Z,2,yes,8,6
0ba6d88b74f04445941144bfc0fa222d,"['countchildren.semantic.single.html', 'readini.semantic.normal.html', 'codestructure.semantic.abbrev.html', 'histogram.syntactic.abbrev.html', 'parsequerystring.syntactic.single.html', 'concatlists.syntactic.normal.html']",none,37,yes,no,1,2015-05-20T13:05:05.782236,4,de,no,5,3,6,no,Empfehlung eines Kollegen,no,2,"Vorstand, Entwicklungsleiter",selbststÃ¤ndig,4,no,de,"Delphi, Visual Basic 6.0, Fortran",1,abi,m,/static/templates/forms/questions3.de.html,Chefabiturient,2015-05-20T13:05:55.662Z,4,yes,16,12
00b7d4aba419442ba0f98b006d885575,"['readini.semantic.normal.html', 'codestructure.semantic.single.html', 'countchildren.semantic.abbrev.html', 'concatlists.syntactic.abbrev.html', 'histogram.syntactic.single.html', 'parsequerystring.syntactic.normal.html']",lehre,20,yes,no,0,2015-05-20T13:09:04.931675,4,de,no,4,0,6,no,Kollege,no,1,Softwareentwickler .NET,angestellt,2,no,de,,1,mr,m,/static/templates/forms/questions3.de.html,Fachinformatiker Anwendungsentwicklung,2015-05-20T13:09:54.916Z,2,yes,4,4
e3d36e7a919a42d4859dae9722239bda,"['countchildren.semantic.single.html', 'readini.semantic.abbrev.html', 'codestructure.semantic.normal.html', 'parsequerystring.syntactic.single.html', 'histogram.syntactic.abbrev.html', 'concatlists.syntactic.normal.html']",lehre,32,yes,no,1,2015-05-20T13:21:50.455657,4,de,no,4,0,6,no,"Ich weiÃŸ nciht mehr, ist ja schon ne weile her.",no,1,"Expert Consultant, IT Berater in der Finanzbranche mit Schwerpunkt Entwicklung & technische Teamleitung",angestellt,2,2013,de,"C#, C++, C, Java, PHP, JavaScript, CSS, HTML, VB.NET, Visual Basic 6, SQL, T-SQL, Ruby, Turbo Pascal",3,mr,m,/static/templates/forms/questions3.de.html,Fachinformatiker fÃ¼r Anwendungsentwicklung,2015-05-20T13:22:40.465Z,4,yes,18,10
be1b3b6aa0f2481cb47a38d935c9d5f0,"['codestructure.semantic.normal.html', 'countchildren.semantic.single.html', 'readini.semantic.abbrev.html', 'histogram.syntactic.normal.html', 'parsequerystring.syntactic.abbrev.html', 'concatlists.syntactic.single.html']",msc,30,yes,no,1,2015-05-20T13:45:35.721349,4,de,no,4,1,4,yes,Von dir selbst,yes,1,Softwareentwickler,angestellt,3,2013,de,"JavaScript, Python, Ruby, CoffeeScript, F#, PowerShell, Bash",1,other,m,/static/templates/forms/questions3.de.html,Dipl.-Inform. MSc. Informatics,2015-05-20T13:46:25.829Z,1,yes,14,12
42efb260aa64492d9423adcbc860eafe,"['readini.semantic.single.html', 'countchildren.semantic.abbrev.html', 'codestructure.semantic.normal.html', 'parsequerystring.syntactic.single.html', 'concatlists.syntactic.abbrev.html', 'histogram.syntactic.normal.html']",ba,32,yes,no,1,2015-05-20T13:23:20.104280,4,de,no,5,0,5,no,WeiÃŸ nicht mehr,no,1,Software Developer,angestellt,1,no,other,"Borland C++, Delphi Pascal,",1,other,m,/static/templates/forms/questions3.de.html,Bachelor,2015-05-20T13:24:10.078Z,1,yes,15,4
fb42e2ec502b42df9a937df5d3964d8d,"['readini.semantic.single.html', 'codestructure.semantic.abbrev.html', 'countchildren.semantic.normal.html', 'histogram.syntactic.single.html', 'concatlists.syntactic.abbrev.html', 'parsequerystring.syntactic.normal.html']",msc,32,yes,no,1,2015-05-20T13:25:47.674191,4,de,no,4,0,5,no,Email,no,1,Softwareentwickler (Freelancer),selbststÃ¤ndig,2,2013,de,"Java, JavaScript, PHP, VB.NET",2,abi,m,/static/templates/forms/questions3.de.html,Dipl.-Inform. (BA),2015-05-20T13:26:38.551Z,1,yes,12,8
f8b3fd416fa2463f867ae66631bd3ad5,"['codestructure.semantic.normal.html', 'countchildren.semantic.abbrev.html', 'readini.semantic.single.html', 'parsequerystring.syntactic.normal.html', 'histogram.syntactic.abbrev.html', 'concatlists.syntactic.single.html']",none,44,yes,no,4,2015-05-20T13:37:47.305534,3,de,no,4,2,6,yes,Twitter + OpenSpace,yes,2,Senior Software Engineet,angestellt,1,no,de,"Python, Assembler, Pascal",0,abi,m,/static/templates/forms/questions3.de.html,Abiturient?,2015-05-20T13:38:36.706Z,1,yes,20,5
5349d110076847cdac428f7e3e61e494,"['countchildren.semantic.abbrev.html', 'codestructure.semantic.single.html', 'readini.semantic.normal.html', 'concatlists.syntactic.single.html', 'parsequerystring.syntactic.normal.html', 'histogram.syntactic.abbrev.html']",msc,35,yes,no,3,2015-05-20T13:39:03.001561,4,de,no,5,2,6,no,twitter,yes,3,Softwareentwickler,angestellt,1,no,ru,,1,abi,m,/static/templates/forms/questions3.de.html,Master in Informatics,2015-05-20T13:39:53.056Z,2,yes,12,7
87d7f6da24bf4ddc81154f0f3423c99f,"['readini.semantic.normal.html', 'countchildren.semantic.single.html', 'codestructure.semantic.abbrev.html', 'histogram.syntactic.single.html', 'concatlists.syntactic.normal.html', 'parsequerystring.syntactic.abbrev.html']",none,34,yes,no,2,2015-05-20T13:27:40.128733,4,de,no,5,4,6,yes,Twitter,yes,2,Senior .NET Software Engineer,angestellt,2,2013,ru,"Delphi, Haskell",2,abi,m,/static/templates/forms/questions3.de.html,-,2015-05-20T13:28:30.107Z,1,yes,15,10
57d839891d0a4f5ea8ec2b1b08abaaae,"['codestructure.semantic.abbrev.html', 'readini.semantic.single.html', 'countchildren.semantic.normal.html', 'histogram.syntactic.single.html', 'parsequerystring.syntactic.abbrev.html', 'concatlists.syntactic.normal.html']",lehre,29,yes,no,1,2015-05-20T13:42:01.182443,4,de,no,5,0,6,yes,Vortrag DotNet Developer Conference,yes,1,Softwareentwickler C#,angestellt,2,no,de,"Pascal, Ruby, Python, Objective C",1,mr,m,/static/templates/forms/questions3.de.html,Fachinformatiker Anwendungsentwicklung,2015-05-20T13:42:51.211Z,1,yes,6,4
724b59f61e234fc6ac01dcac8458f280,"['readini.semantic.abbrev.html', 'codestructure.semantic.single.html', 'countchildren.semantic.normal.html', 'parsequerystring.syntactic.single.html', 'histogram.syntactic.normal.html', 'concatlists.syntactic.abbrev.html']",msc,46,yes,no,2,2015-05-20T13:39:32.237077,3,de,no,6,0,6,yes,Vortrag auf DWX + anschlieÃŸende Mail,no,1,Softwarearchitekt,angestellt,1,no,de,"Python, Perl, Basic, Fortran,",1,abi,m,/static/templates/forms/questions3.de.html,Dipl.-Ing. (FH),2015-05-20T13:40:22.251Z,2,yes,25,14
6c63ccd6bf4140ec9e6eacef7759eec3,"['readini.semantic.single.html', 'codestructure.semantic.normal.html', 'countchildren.semantic.abbrev.html', 'parsequerystring.syntactic.abbrev.html', 'concatlists.syntactic.normal.html', 'histogram.syntactic.single.html']",msc,39,yes,no,3,2015-05-20T14:01:50.304013,3,de,no,4,0,4,no,email,no,1,Softwareentwickler,angestellt,0,2013,de,"C++, Python, Ruby, TCL/TK, Perl, Bash scripting, Amiga Basic",1,abi,m,/static/templates/forms/questions3.de.html,Dipl.Ing (FH) Vermessung & Geomatik,2015-05-20T14:02:01.599Z,1,yes,11,4
5a235201bdc34ac7b7ef656c1814cda7,"['readini.semantic.abbrev.html', 'countchildren.semantic.normal.html', 'codestructure.semantic.single.html', 'histogram.syntactic.normal.html', 'concatlists.syntactic.single.html', 'parsequerystring.syntactic.abbrev.html']",lehre,35,yes,yes,1,2015-05-20T13:54:50.519665,3,de,no,3,0,3,yes,Arbeitskollege (Marcel Spies),no,0,Fachinformatiker Anwendungsentwicklung,angestellt,0,2013,de,,2,mr,m,/static/templates/forms/questions3.de.html,Fachinformatiker,2015-05-20T13:55:40.600Z,2,yes,15,5
99e6e65f2e884c2797149661e60a53b3,"['countchildren.semantic.abbrev.html', 'readini.semantic.single.html', 'codestructure.semantic.normal.html', 'concatlists.syntactic.abbrev.html', 'parsequerystring.syntactic.normal.html', 'histogram.syntactic.single.html']",msc,35,yes,no,1,2015-05-20T15:40:36.017238,4,de,no,5,0,6,yes,Email,yes,1,Software-Entwickler,angestellt,2,2013,ru,"ABAP, Ruby, Python, VBA",2,abi,m,/static/templates/forms/questions3.de.html,Dipl.-Inform. (FH),2015-05-20T15:41:29.159Z,4,yes,15,7
dfc5e16eab524e5a974516e180e91b70,"['codestructure.semantic.abbrev.html', 'readini.semantic.normal.html', 'countchildren.semantic.single.html', 'concatlists.syntactic.single.html', 'histogram.syntactic.abbrev.html', 'parsequerystring.syntactic.normal.html']",ba,15,yes,no,1,2015-05-20T14:24:21.587554,3,de,no,4,1,5,yes,Email,yes,1,Softwareentwickler,angestellt,3,2013,de,,1,abi,m,/static/templates/forms/questions3.de.html,Bachelor of Engineering,2015-05-20T14:25:11.218Z,0,yes,8,7
793e10c95a9b409a8fe11d39457b75c1,"['codestructure.semantic.single.html', 'countchildren.semantic.abbrev.html', 'readini.semantic.normal.html', 'concatlists.syntactic.abbrev.html', 'histogram.syntactic.normal.html', 'parsequerystring.syntactic.single.html']",none,23,yes,no,1,2015-05-20T14:46:19.108933,0,de,no,4,0,6,no,Empfehlung eines Kollegen,no,2,Telekommunikationsinformatik,student,3,no,de,Bash,3,abi,m,/static/templates/forms/questions3.de.html,Auf dem Weg zum Bachelor of Engineering,2015-05-20T14:47:09.215Z,0,yes,10,0
0b81eaf7df8e42eaaebeb248b8ff1691,"['codestructure.semantic.abbrev.html', 'countchildren.semantic.normal.html', 'readini.semantic.single.html', 'concatlists.syntactic.normal.html', 'histogram.syntactic.single.html', 'parsequerystring.syntactic.abbrev.html']",msc,32,yes,yes,2,2015-05-20T14:49:51.636793,4,de,no,4,0,4,yes,Empfehlung eines Kollegen,no,1,Softwareentwickler,angestellt,1,2013,de,"C, C++, Java",0,abi,m,/static/templates/forms/questions3.de.html,"Dipl.(FH), Informatiker",2015-05-20T14:50:41.996Z,1,yes,5,7
28085f503a364fecbacf220dc34c8de7,"['countchildren.semantic.single.html', 'codestructure.semantic.abbrev.html', 'readini.semantic.normal.html', 'histogram.syntactic.abbrev.html', 'concatlists.syntactic.single.html', 'parsequerystring.syntactic.normal.html']",lehre,31,yes,no,0,2015-05-20T15:14:26.870571,4,de,no,4,0,6,no,,yes,0,Softwareentwickler,selbststÃ¤ndig,3,2013,de,"VBScript, SQL, HTML, CSS, Sass, LESS, TypeScript, CoffeeScript",0,mr,m,/static/templates/forms/questions3.de.html,Mediengestalter,2015-05-20T15:15:17.053Z,1,yes,16,11
9651114c58eb4b6388d288ef0d6482d8,"['histogram.semantic.single.html', 'concatlists.semantic.normal.html', 'parsequerystring.semantic.abbrev.html', 'countchildren.syntactic.normal.html', 'codestructure.syntactic.abbrev.html', 'readini.syntactic.single.html']",lehre,30,yes,no,2,2015-05-20T20:28:08.147431,3,de,no,3,2,5,yes,Twitter,yes,1,Softwareentwickler/Architekt,selbststÃ¤ndig,2,no,de,"Scala, F#, Python, C++, C, 61131, Haskel",0,abi,m,/static/templates/forms/questions3.de.html,Elektrotechniker,2015-05-20T20:29:00.766Z,0,yes,14,7
b2e601f093aa4719afc310cb84cbeda1,"['countchildren.semantic.abbrev.html', 'codestructure.semantic.normal.html', 'readini.semantic.single.html', 'concatlists.syntactic.single.html', 'histogram.syntactic.normal.html', 'parsequerystring.syntactic.abbrev.html']",msc,33,yes,no,1,2015-05-20T15:54:06.885071,4,de,no,5,0,6,no,EMail,no,3,Wirtschaftsinformatiker,angestellt,2,2013,de,"Ruby, Perl, Bash, KSH,",2,abi,m,/static/templates/forms/questions3.de.html,Dipl. Ing Informatik (FH),2015-05-20T15:54:56.996Z,0,yes,15,7
e9b97f42564f491b82dae67664b52d1e,"['countchildren.semantic.normal.html', 'codestructure.semantic.abbrev.html', 'readini.semantic.single.html', 'parsequerystring.syntactic.normal.html', 'concatlists.syntactic.abbrev.html', 'histogram.syntactic.single.html']",msc,25,yes,no,1,2015-05-20T16:56:36.850486,3,de,no,4,1,6,yes,Email,yes,2,Developer and Data Analyst,angestellt,0,2015,de,"MATLAB, R",0,hauptschule,w,/static/templates/forms/questions3.de.html,Master of Science Informatik,2015-05-20T16:57:25.708Z,0,yes,6,4
95bec2483350474baed89ca83e410877,"['concatlists.semantic.abbrev.html', 'parsequerystring.semantic.normal.html', 'histogram.semantic.single.html', 'countchildren.syntactic.abbrev.html', 'readini.syntactic.normal.html', 'codestructure.syntactic.single.html']",none,40,yes,no,2,2015-05-20T18:31:55.621384,4,de,no,3,0,4,no,Twitter,yes,0,Softwareentwickler,angestellt,1,no,de,,1,abi,m,/static/templates/forms/questions3.de.html,Staatlich geprÃ¼fter IT-Techniker,2015-05-20T18:32:47.629Z,1,maybe,15,10
53ab11ca61944adb8dda003934e9f48f,"['readini.semantic.normal.html', 'countchildren.semantic.abbrev.html', 'codestructure.semantic.single.html', 'histogram.syntactic.abbrev.html', 'parsequerystring.syntactic.normal.html', 'concatlists.syntactic.single.html']",other,37,yes,no,1,2015-05-20T17:55:00.379380,4,de,no,6,1,6,no,Twitter,yes,1,Application Developer,angestellt,1,no,de,,1,mr,m,/static/templates/forms/questions3.de.html,Operative IT-Professional (IHK),2015-05-20T17:55:47.271Z,1,maybe,15,8
50971075eb83460da5de1db4e1274c32,"['countchildren.semantic.single.html', 'codestructure.semantic.normal.html', 'readini.semantic.abbrev.html', 'histogram.syntactic.normal.html', 'concatlists.syntactic.abbrev.html', 'parsequerystring.syntactic.single.html']",none,49,yes,yes,2,2015-05-20T17:59:11.824342,4,de,no,6,1,6,no,,no,1,Electical Engeneering Developer,angestellt,1,2015,de,"Assembler, Basic",1,abi,m,/static/templates/forms/questions3.de.html,keinen,2015-05-20T18:00:12.361Z,2,yes,20,5
2810c173dba347bc93c326ec21d35a53,"['parsequerystring.semantic.normal.html', 'concatlists.semantic.single.html', 'histogram.semantic.abbrev.html', 'countchildren.syntactic.single.html', 'codestructure.syntactic.normal.html', 'readini.syntactic.abbrev.html']",lehre,29,yes,no,0,2015-05-20T18:01:19.680891,3,de,no,4,0,4,no,Twitter,no,1,Softwarearchitekt,angestellt,3,no,de,,1,abi,m,/static/templates/forms/questions3.de.html,Fachinformatiker,2015-05-20T18:02:10.011Z,1,yes,11,10
d2c8b05698e9407fb61794470e36d026,"['concatlists.semantic.normal.html', 'parsequerystring.semantic.abbrev.html', 'histogram.semantic.single.html', 'codestructure.syntactic.normal.html', 'countchildren.syntactic.single.html', 'readini.syntactic.abbrev.html']",none,51,yes,no,2,2015-05-20T18:29:45.552169,4,de,no,5,1,6,yes,,no,1,Trainer und Berater,selbststÃ¤ndig,1,2013,de,"C, C++, SQL, Groovy, Pascal",0,abi,m,/static/templates/forms/questions3.de.html,-,2015-05-20T18:30:35.918Z,2,yes,35,15
b163ccefdf5a480f88fa102653cd5d3f,"['histogram.semantic.normal.html', 'concatlists.semantic.abbrev.html', 'parsequerystring.semantic.single.html', 'readini.syntactic.abbrev.html', 'countchildren.syntactic.single.html', 'codestructure.syntactic.normal.html']",msc,37,yes,no,1,2015-05-20T20:37:17.562459,4,de,no,5,1,6,yes,"Twitter, Email UND Empfehlung eines Kollegen :D",yes,2,Technical Director,angestellt,0,2013,de,"Matlab, R",0,abi,m,/static/templates/forms/questions3.de.html,Master of Science (Mathematics and Computer Science),2015-05-20T20:38:06.160Z,1,yes,12,10
95992f0bc4de4027bb6926136bd0b955,"['histogram.semantic.abbrev.html', 'concatlists.semantic.normal.html', 'parsequerystring.semantic.single.html', 'readini.syntactic.normal.html', 'codestructure.syntactic.single.html', 'countchildren.syntactic.abbrev.html']",msc,38,yes,no,1,2015-05-20T21:07:29.933064,4,de,no,6,2,6,yes,email,yes,1,IT-Berater,selbststÃ¤ndig,3,2013,de,"Delphi, Python, Ruby, Assembler, Fortran77",1,abi,m,/static/templates/forms/questions3.de.html,Dipl.-Phys.,2015-05-20T21:08:30.355Z,1,yes,14,10
79ccccf38e4846acae075619a28ba44f,"['concatlists.semantic.normal.html', 'parsequerystring.semantic.single.html', 'histogram.semantic.abbrev.html', 'countchildren.syntactic.abbrev.html', 'codestructure.syntactic.normal.html', 'readini.syntactic.single.html']",msc,42,yes,no,2,2015-05-22T09:28:08.456629,4,de,no,4,0,6,no,Empfehlung eines Kollegen,no,2,Software Entwickler,angestellt,3,no,de,Python,0,abi,m,/static/templates/forms/questions3.de.html,"Mikrotechnik-Ingenieur FH, MAS Software-Entwicklung",2015-05-22T09:29:01.564Z,0,yes,15,15
8d6735d28cc34027a3b9368b97eced24,"['parsequerystring.semantic.abbrev.html', 'histogram.semantic.single.html', 'concatlists.semantic.normal.html', 'codestructure.syntactic.abbrev.html', 'countchildren.syntactic.single.html', 'readini.syntactic.normal.html']",ba,23,yes,no,1,2015-05-21T06:19:26.691224,2,de,no,4,0,5,no,Email eines Kollegen.,no,1,Softwareentwickler,angestellt,2,no,de,"C, Java, C++",0,abi,m,/static/templates/forms/questions3.de.html,B. Sc.,2015-05-21T06:20:17.763Z,1,yes,4,1
6184095bb30f4300bdde9900b3f62c0b,"['parsequerystring.semantic.normal.html', 'concatlists.semantic.abbrev.html', 'histogram.semantic.single.html', 'codestructure.syntactic.normal.html', 'countchildren.syntactic.abbrev.html', 'readini.syntactic.single.html']",msc,45,yes,no,1,2015-05-21T07:11:10.181500,3,de,no,4,1,6,no,Twitter,no,1,Software-Entwickler,selbststÃ¤ndig,2,no,de,ELAN,3,abi,m,/static/templates/forms/questions3.de.html,M.Sc. Medienwissenschaft,2015-05-21T07:12:01.401Z,2,yes,20,10
e124ac59b9b34d9a80ab531271df50d0,"['concatlists.semantic.abbrev.html', 'histogram.semantic.normal.html', 'parsequerystring.semantic.single.html', 'readini.syntactic.abbrev.html', 'codestructure.syntactic.normal.html', 'countchildren.syntactic.single.html']",msc,36,yes,no,2,2015-05-21T08:23:34.702838,4,de,yes,4,4,3,yes,Twitter,yes,1,Programmierer,angestellt,1,2013,de,"Basic, Python, Pascal, Haskell, Lisp, Scheme, Prolog",0,abi,m,/static/templates/forms/questions3.de.html,Diplom Mathematiker,2015-05-21T08:24:24.763Z,3,maybe,16,10
d72c3147ef054a93ba821880a97d910b,"['concatlists.semantic.abbrev.html', 'parsequerystring.semantic.single.html', 'histogram.semantic.normal.html', 'countchildren.syntactic.normal.html', 'codestructure.syntactic.single.html', 'readini.syntactic.abbrev.html']",msc,35,yes,no,1,2015-05-21T07:44:18.711302,2,de,no,4,0,6,yes,E-Mail,no,0,Softwarentwickler,angestellt,2,no,de,"python, perl, prolog, basic,",2,abi,m,/static/templates/forms/questions3.de.html,Diplom-Wirtschaftsinformatiker (FH),2015-05-21T07:44:59.642Z,4,yes,10,2
9c5d3cd1a4fe4b0094c5468fbc426e60,"['parsequerystring.semantic.single.html', 'histogram.semantic.normal.html', 'concatlists.semantic.abbrev.html', 'countchildren.syntactic.single.html', 'readini.syntactic.normal.html', 'codestructure.syntactic.abbrev.html']",msc,42,yes,no,2,2015-05-21T08:04:57.986117,4,de,no,5,1,6,no,Twitter,yes,1,Senior Software Developer,angestellt,1,no,de,,1,abi,m,/static/templates/forms/questions3.de.html,Dipl.-Math.,2015-05-21T08:05:49.291Z,2,maybe,20,12
04c8566f6ddf4e619b975390f556151d,"['parsequerystring.semantic.single.html', 'concatlists.semantic.abbrev.html', 'histogram.semantic.normal.html', 'codestructure.syntactic.single.html', 'countchildren.syntactic.abbrev.html', 'readini.syntactic.normal.html']",none,36,yes,no,0,2015-05-21T08:27:22.007744,4,de,yes,5,0,6,no,Empfehlung eines Kollegen,no,1,Consultant,angestellt,4,no,de,,0,mr,m,/static/templates/forms/questions3.de.html,Keinen,2015-05-21T08:28:13.262Z,1,yes,18,12
ebabc82ce5ce45728c9b646e7e706ed5,"['parsequerystring.semantic.single.html', 'histogram.semantic.abbrev.html', 'concatlists.semantic.normal.html', 'readini.syntactic.normal.html', 'codestructure.syntactic.abbrev.html', 'countchildren.syntactic.single.html']",none,35,yes,no,1,2015-05-21T09:37:14.906828,4,de,no,6,0,6,no,Kollege,yes,2,GeschÃ¤ftsfÃ¼hrer,angestellt,4,no,de,,0,abi,m,/static/templates/forms/questions3.de.html,-,2015-05-21T09:38:10.297Z,1,yes,18,12
35d452fb3f904f859ab50119684f0626,"['concatlists.semantic.single.html', 'parsequerystring.semantic.abbrev.html', 'histogram.semantic.normal.html', 'countchildren.syntactic.normal.html', 'readini.syntactic.abbrev.html', 'codestructure.syntactic.single.html']",none,37,yes,yes,1,2015-05-21T09:27:02.658120,4,de,no,4,0,6,yes,Twitter,yes,0,Software Architect,angestellt,2,2013,de,"Turbo Pascal, Delphi",2,abi,m,/static/templates/forms/questions3.de.html,Fachinformatiker AE,2015-05-21T09:27:53.863Z,4,yes,17,11
111e089bbc894e30bcbe2ef30dc7a000,"['parsequerystring.semantic.abbrev.html', 'concatlists.semantic.normal.html', 'histogram.semantic.single.html', 'readini.syntactic.single.html', 'countchildren.syntactic.normal.html', 'codestructure.syntactic.abbrev.html']",ba,36,yes,no,1,2015-05-21T10:27:29.377488,4,de,no,4,3,6,no,Empfehlung eines Kollegen,no,2,Senior .NET Software Engineer,angestellt,1,no,de,"Go, Scheme, Common Lisp, Perl, Phyton",1,abi,m,/static/templates/forms/questions3.de.html,B.Sc. Informatik,2015-05-21T10:28:19.710Z,2,maybe,17,4
8986b0d83d714530a409a8ee004d42f9,"['parsequerystring.semantic.normal.html', 'histogram.semantic.single.html', 'concatlists.semantic.abbrev.html', 'readini.syntactic.normal.html', 'countchildren.syntactic.single.html', 'codestructure.syntactic.abbrev.html']",msc,31,yes,no,1,2015-05-21T09:34:11.888580,4,de,yes,4,0,6,no,Email vom Kollegen,no,2,Webentwickle,angestellt,3,no,de,,1,abi,m,/static/templates/forms/questions3.de.html,Dipl.-Inform. (FH),2015-05-21T09:35:03.203Z,1,yes,4,4
cf07ba7018904d2bb8b2c68292e38ea7,"['parsequerystring.semantic.abbrev.html', 'histogram.semantic.normal.html', 'concatlists.semantic.single.html', 'readini.syntactic.abbrev.html', 'countchildren.syntactic.normal.html', 'codestructure.syntactic.single.html']",msc,32,yes,no,1,2015-05-22T09:32:05.860912,3,de,yes,5,0,6,no,Horst Schneider (Arbeitskollege),no,2,Research Assistant,angestellt,2,no,de,"python, perl",1,abi,m,/static/templates/forms/questions3.de.html,M.Sc. Software Engineering,2015-05-22T09:32:00.877Z,1,yes,4,2
c7a43632f1de437785d9c48a1eb792f9,"['concatlists.semantic.single.html', 'parsequerystring.semantic.normal.html', 'histogram.semantic.abbrev.html', 'countchildren.syntactic.single.html', 'codestructure.syntactic.abbrev.html', 'readini.syntactic.normal.html']",msc,32,yes,no,2,2015-05-21T09:58:21.392984,2,de,no,5,0,6,no,Email,no,4,Softwareentwickler,angestellt,4,no,de,,2,abi,m,/static/templates/forms/questions3.de.html,Master of Science Software Engineering,2015-05-21T09:59:12.596Z,1,yes,10,1
6ca65975dc4c4c639de22dcc264f4367,"['histogram.semantic.single.html', 'concatlists.semantic.abbrev.html', 'parsequerystring.semantic.normal.html', 'codestructure.syntactic.abbrev.html', 'readini.syntactic.normal.html', 'countchildren.syntactic.single.html']",ba,24,yes,no,1,2015-05-21T10:11:44.832679,4,de,no,5,0,6,no,Email an meine Hochschuladresse,no,3,Softwareentwickler,angestellt,2,no,de,Go,0,abi,m,/static/templates/forms/questions3.de.html,"Bachelor of Science, Informatik",2015-05-21T10:12:36.872Z,0,yes,4,2
963755bee897486fad13e970fefa5bc2,"['parsequerystring.semantic.normal.html', 'histogram.semantic.abbrev.html', 'concatlists.semantic.single.html', 'readini.syntactic.single.html', 'codestructure.syntactic.normal.html', 'countchildren.syntactic.abbrev.html']",other,26,yes,no,2,2015-05-21T10:14:27.519429,3,de,yes,5,0,6,no,email,no,2,Informatik Bachelor,student,1,no,de,"Pascal, J#",1,abi,m,/static/templates/forms/questions3.de.html,-,2015-05-21T10:15:22.948Z,1,maybe,11,8
2289142f6fec41ff85bf3900b46184d6,"['concatlists.semantic.single.html', 'histogram.semantic.normal.html', 'parsequerystring.semantic.abbrev.html', 'codestructure.syntactic.single.html', 'readini.syntactic.normal.html', 'countchildren.syntactic.abbrev.html']",none,19,yes,no,0,2015-05-21T10:22:53.952190,2,de,no,5,0,6,no,Empfehlung eines Familienmitglieds,no,2,Abiturient,other,1,no,de,,1,none,m,/static/templates/forms/questions3.de.html,Hobbyprogrammierer,2015-05-21T10:23:50.873Z,0,maybe,3,1
04b90f6230f942f39a3ac3dfc3bfe60b,"['codestructure.semantic.single.html', 'readini.semantic.abbrev.html', 'countchildren.semantic.normal.html', 'concatlists.syntactic.normal.html', 'histogram.syntactic.abbrev.html', 'parsequerystring.syntactic.single.html']",ba,27,yes,no,2,2015-05-21T10:24:02.436065,3,de,no,5,0,6,yes,Twitter,yes,1,Softwareentwickler,angestellt,2,no,de,,3,abi,m,/static/templates/forms/questions3.de.html,Bachelor Medieninformatik,2015-05-21T10:24:55.832Z,4,maybe,6,5
bea6e164109b414a816351c589783277,"['codestructure.semantic.normal.html', 'readini.semantic.single.html', 'countchildren.semantic.abbrev.html', 'histogram.syntactic.normal.html', 'parsequerystring.syntactic.single.html', 'concatlists.syntactic.abbrev.html']",msc,39,yes,no,1,2015-05-21T10:32:44.395214,4,de,no,5,1,6,no,Twitter,no,2,Software Developer,angestellt,2,no,de,"Clojure,Go,Ruby",1,abi,m,/static/templates/forms/questions3.de.html,Dipl.-Inf (FH),2015-05-21T10:33:35.899Z,0,maybe,15,4
4f5dc40a386d4094a7d2cbcb5c71fa32,"['codestructure.semantic.single.html', 'readini.semantic.normal.html', 'countchildren.semantic.abbrev.html', 'histogram.syntactic.single.html', 'parsequerystring.syntactic.normal.html', 'concatlists.syntactic.abbrev.html']",msc,48,yes,no,1,2015-05-21T11:00:33.250965,4,de,no,4,0,5,yes,Kollege,no,0,Softwareentwickler,angestellt,0,2013,de,VB6,0,abi,m,/static/templates/forms/questions3.de.html,Dipl.-Ing. (FH),2015-05-21T11:01:24.728Z,0,yes,22,9
4458c5d621cd4d28b71cc805a900fc3f,"['readini.semantic.abbrev.html', 'codestructure.semantic.normal.html', 'countchildren.semantic.single.html', 'parsequerystring.syntactic.abbrev.html', 'concatlists.syntactic.single.html', 'histogram.syntactic.normal.html']",ba,27,yes,no,1,2015-05-21T11:14:42.606941,4,de,no,4,0,4,no,Arbeitskollege,no,1,Entwickler,angestellt,2,no,de,,0,abi,m,/static/templates/forms/questions3.de.html,Bachelor of Engineering - Informationstechnik,2015-05-21T11:15:33.609Z,1,yes,6,3
da43632cf8fd4944889f7aee6e10f977,"['readini.semantic.abbrev.html', 'countchildren.semantic.single.html', 'codestructure.semantic.normal.html', 'concatlists.syntactic.single.html', 'parsequerystring.syntactic.abbrev.html', 'histogram.syntactic.normal.html']",other,31,yes,no,1,2015-05-21T12:29:24.381530,3,de,yes,4,3,6,yes,Empfehlung eines Kollegen,yes,2,.NET Software Engineer,angestellt,2,no,de,"C++, PHP, Java, JavaScript, VB, ASP.NET, F#",1,abi,m,/static/templates/forms/questions3.de.html,Fachinformatiker,2015-05-21T12:30:16.059Z,1,yes,10,10
5b2eda05b89a4525b6d212441147e785,"['readini.semantic.abbrev.html', 'countchildren.semantic.normal.html', 'codestructure.semantic.single.html', 'histogram.syntactic.normal.html', 'concatlists.syntactic.single.html', 'parsequerystring.syntactic.abbrev.html']",msc,31,yes,yes,1,2015-05-21T13:07:00.662915,3,de,yes,4,1,4,no,,no,2,Softwareentwickler,angestellt,2,2013,ru,,1,abi,m,/static/templates/forms/questions3.de.html,Master of Science,2015-05-21T13:07:52.322Z,0,yes,10,5
63e0ee5b9fb34264accd8fb7091bc7b8,"['codestructure.semantic.abbrev.html', 'countchildren.semantic.single.html', 'readini.semantic.normal.html', 'histogram.syntactic.abbrev.html', 'concatlists.syntactic.normal.html', 'parsequerystring.syntactic.single.html']",msc,32,yes,no,1,2015-05-21T14:19:24.845341,4,de,no,4,0,6,no,Kollege,no,2,Diplominformatiker,angestellt,0,2013,de,,0,abi,m,/static/templates/forms/questions3.de.html,Dipl.-Inform. (FH),2015-05-21T14:20:16.550Z,3,yes,10,8
b7fb4c0597f84a4db660bf30f47943cd,"['countchildren.semantic.normal.html', 'readini.semantic.abbrev.html', 'codestructure.semantic.single.html', 'parsequerystring.syntactic.abbrev.html', 'histogram.syntactic.normal.html', 'concatlists.syntactic.single.html']",msc,31,yes,no,1,2015-06-09T12:08:47.818134,4,de,no,4,0,6,no,Empfehlung eines Kollegen per Twitter,no,2,Softwareentwickler,angestellt,1,no,de,"Turbo Pascal, Delphi, ActionScript",2,abi,m,/static/templates/forms/questions1.de.html,Master Informatik,2015-06-09T12:10:07.790Z,0,yes,12,3
c2ae0176fa4b4f20bacf872b9795bd6f,"['countchildren.semantic.single.html', 'codestructure.semantic.normal.html', 'readini.semantic.abbrev.html', 'histogram.syntactic.normal.html', 'concatlists.syntactic.abbrev.html', 'parsequerystring.syntactic.single.html']",msc,36,yes,no,2,2015-05-21T18:57:44.315751,4,de,no,5,1,6,yes,Twitter,yes,2,Senior Software Engineer,angestellt,2,no,de,"Java, C, C++, JavaScript, F#, VB.NET, Scala, Ruby, Closure, Brainfuck",0,abi,m,/static/templates/forms/questions3.de.html,Dipl.-Inform,2015-05-21T18:58:43.563Z,2,yes,9,7
a40661c57a2643fbb5f2ce0d59c38103,"['histogram.semantic.single.html', 'parsequerystring.semantic.abbrev.html', 'concatlists.semantic.normal.html', 'codestructure.syntactic.single.html', 'countchildren.syntactic.normal.html', 'readini.syntactic.abbrev.html']",ba,28,yes,no,1,2015-05-21T19:15:49.727872,4,de,no,4,0,6,no,XING (.NET User Group Karlsruhe),no,1,"Software-Entwickler, Trainer, Berater",angestellt,2,no,de,"HTML, JavaScript",0,abi,m,/static/templates/forms/questions3.de.html,Bachelor Of Science (Angewandte Informatik),2015-05-21T19:16:39.816Z,1,yes,9,5
494bde147af24a6eb791f5499fb5be54,"['histogram.semantic.normal.html', 'concatlists.semantic.single.html', 'parsequerystring.semantic.abbrev.html', 'countchildren.syntactic.abbrev.html', 'readini.syntactic.single.html', 'codestructure.syntactic.normal.html']",msc,27,yes,no,4,2015-05-21T19:26:44.517205,3,de,no,6,0,6,no,,no,4,Softwareentwickler,angestellt,2,no,de,,1,abi,m,/static/templates/forms/questions3.de.html,Master Informatik,2015-05-21T19:27:56.051Z,1,maybe,6,2
3f8aa1da75804e0c9ceec0bb3b0f7b33,"['histogram.semantic.abbrev.html', 'parsequerystring.semantic.single.html', 'concatlists.semantic.normal.html', 'codestructure.syntactic.abbrev.html', 'readini.syntactic.single.html', 'countchildren.syntactic.normal.html']",msc,38,no,no,1,2015-05-21T20:14:14.008907,3,de,yes,5,0,6,no,xing.com,no,1,Softwareentwickler Contentmanagement,angestellt,1,no,de,"XSLT, SQL",1,abi,m,/static/templates/forms/questions3.de.html,Dipl.-Ing. Inf. (FH),2015-05-21T20:15:05.980Z,2,yes,14,7
0c31c982546a457ba951c6a3f5df6660,"['histogram.semantic.abbrev.html', 'parsequerystring.semantic.normal.html', 'concatlists.semantic.single.html', 'readini.syntactic.single.html', 'codestructure.syntactic.abbrev.html', 'countchildren.syntactic.normal.html']",lehre,32,yes,no,1,2015-05-21T21:07:20.822103,3,de,no,4,0,5,yes,"Twitter, Drohanrufe ;-)",yes,1,MÃ¤dchen fÃ¼r alles,selbststÃ¤ndig,1,2013,de,,1,abi,m,/static/templates/forms/questions3.de.html,keinen,2015-05-21T21:08:12.938Z,1,yes,10,11
5966681c81e2483e9c54da2564037946,"['concatlists.semantic.single.html', 'histogram.semantic.abbrev.html', 'parsequerystring.semantic.normal.html', 'countchildren.syntactic.abbrev.html', 'codestructure.syntactic.single.html', 'readini.syntactic.normal.html']",lehre,21,yes,no,1,2015-05-21T22:22:35.668788,3,de,yes,4,1,6,no,Xing,no,1,Softwareentwickler,angestellt,1,no,de,Objective-C,1,abi,m,/static/templates/forms/questions3.de.html,Fachinformatiker,2015-05-21T22:23:01.515Z,2,yes,5,5
10589798c7e947a78944002f3027cf3d,"['concatlists.semantic.normal.html', 'histogram.semantic.abbrev.html', 'parsequerystring.semantic.single.html', 'codestructure.syntactic.single.html', 'readini.syntactic.abbrev.html', 'countchildren.syntactic.normal.html']",none,25,yes,no,2,2015-05-21T22:53:55.073973,2,de,no,5,0,6,no,Whatsapp Empfehlung eines ehemaligen Arbeitskollegen,no,4,Angewandte Informatik,student,1,no,de,"HTML, Assembler",0,abi,m,/static/templates/forms/questions3.de.html,B. Sc.,2015-05-21T22:55:41.674Z,0,yes,4,1
32e434cccc3146cf9c3c8b6426298dd2,"['concatlists.semantic.abbrev.html', 'parsequerystring.semantic.single.html', 'histogram.semantic.normal.html', 'countchildren.syntactic.normal.html', 'codestructure.syntactic.single.html', 'readini.syntactic.abbrev.html']",dr,41,yes,no,1,2015-05-22T00:22:57.528098,3,de,no,6,0,6,yes,Email,yes,3,Software Entwickler,angestellt,2,2013,de,"TeX, R, Matlab, Javascript, Ruby, Bash, AWK",0,abi,m,/static/templates/forms/questions3.de.html,Dr rer nat (Dipl Biol),2015-05-22T00:23:49.941Z,2,yes,10,6
0bcad9ad606e44359d059b9deaf9279d,"['concatlists.semantic.abbrev.html', 'histogram.semantic.single.html', 'parsequerystring.semantic.normal.html', 'codestructure.syntactic.normal.html', 'readini.syntactic.abbrev.html', 'countchildren.syntactic.single.html']",none,38,yes,no,1,2015-05-22T06:32:36.486149,3,de,no,4,0,5,no,XING Gruppe,no,1,Senior Software Engineer,angestellt,3,no,de,"VBA, Prolog, Phyton",1,abi,m,/static/templates/forms/questions3.de.html,Dipl. Wirtschaftsinformatiker (FH),2015-05-22T06:33:00.707Z,3,yes,15,2
2e9147c100b74daab26aaedc687ae6e3,"['concatlists.semantic.single.html', 'parsequerystring.semantic.abbrev.html', 'histogram.semantic.normal.html', 'countchildren.syntactic.normal.html', 'readini.syntactic.abbrev.html', 'codestructure.syntactic.single.html']",msc,45,yes,no,2,2015-05-22T07:06:28.307464,3,de,no,4,0,6,no,XING,no,1,Team Lead Development,angestellt,2,no,de,"Pascal (Delphi), Assembler",0,abi,m,/static/templates/forms/questions3.de.html,Dipl.-Ingenieur,2015-05-22T07:07:20.909Z,0,yes,25,3
28d7363f34294d1f9195cdb4f6ae9d98,"['histogram.semantic.normal.html', 'parsequerystring.semantic.single.html', 'concatlists.semantic.abbrev.html', 'codestructure.syntactic.abbrev.html', 'countchildren.syntactic.normal.html', 'readini.syntactic.single.html']",ba,33,yes,no,1,2015-05-22T07:30:24.683184,3,de,no,5,0,6,no,Newsletter der Hochschule,no,3,Informatik,none,1,no,de,"ASM, Delphi",0,abi,o,/static/templates/forms/questions3.de.html,B.Sc.,2015-05-22T07:31:21.192Z,2,maybe,15,5
6ba6faa149f04d38a6a9007cf721d10c,"['concatlists.semantic.single.html', 'parsequerystring.semantic.normal.html', 'histogram.semantic.abbrev.html', 'countchildren.syntactic.single.html', 'codestructure.syntactic.abbrev.html', 'readini.syntactic.normal.html']",ba,44,yes,no,3,2015-05-22T08:09:04.548321,4,de,yes,4,0,6,no,Xing,no,1,CEO,selbststÃ¤ndig,2,no,de,,1,abi,m,/static/templates/forms/questions3.de.html,Dipl. Ing. HTL (Schweiz),2015-05-22T08:09:57.421Z,2,yes,18,10
dbe68fffb39e446ba383a2c580444872,"['parsequerystring.semantic.abbrev.html', 'histogram.semantic.normal.html', 'concatlists.semantic.single.html', 'readini.syntactic.abbrev.html', 'countchildren.syntactic.normal.html', 'codestructure.syntactic.single.html']",msc,34,yes,no,1,2015-05-22T07:55:11.890062,4,de,no,5,0,5,yes,Twitter,yes,1,Developer,angestellt,2,2013,de,,1,abi,m,/static/templates/forms/questions3.de.html,Diplom Wirtsschaftsinformatiker,2015-05-22T07:59:56.489Z,4,yes,10,8
5cae49dda66846b79b4ac91510f146d4,"['histogram.semantic.single.html', 'parsequerystring.semantic.normal.html', 'concatlists.semantic.abbrev.html', 'codestructure.syntactic.normal.html', 'readini.syntactic.single.html', 'countchildren.syntactic.abbrev.html']",lehre,30,yes,no,3,2015-05-22T08:40:23.279323,4,de,no,5,1,5,no,Xing-Gruppe: .NET User Groups,no,0,Softwareentwickler / -architekt,angestellt,3,no,ru,"Visual C++,
C++ AMP",0,abi,m,/static/templates/forms/questions3.de.html,"Staatlich geprÃ¼fter Techniker, Elektrotechnik, Datenverarbeitung",2015-05-22T08:43:48.765Z,1,yes,10,7
1f6a1160f7d941cfb72a1245810091ec,"['readini.semantic.normal.html', 'codestructure.semantic.abbrev.html', 'countchildren.semantic.single.html', 'concatlists.syntactic.abbrev.html', 'parsequerystring.syntactic.single.html', 'histogram.syntactic.normal.html']",lehre,32,yes,no,0,2015-05-22T09:50:49.643179,3,de,no,4,0,6,no,Twitter,no,1,Business Applications Expert,angestellt,3,no,de,"Objective-C, Ruby, T-Sql",2,mr,m,/static/templates/forms/questions3.de.html,Fachinformatiker Systemintegration,2015-05-22T09:51:42.657Z,3,maybe,12,9
2fca3f8b6ed24867bdbb6bd798700668,"['countchildren.semantic.abbrev.html', 'readini.semantic.normal.html', 'codestructure.semantic.single.html', 'parsequerystring.syntactic.abbrev.html', 'histogram.syntactic.single.html', 'concatlists.syntactic.normal.html']",lehre,37,yes,no,2,2015-05-22T09:56:55.400175,3,de,no,6,0,6,yes,Email,yes,1,Berater,angestellt,2,2013,de,,1,abi,m,/static/templates/forms/questions3.de.html,Fachinformatiker Anwendungsentwicklung,2015-05-22T09:57:48.404Z,3,yes,20,8
a21c1635c8354afda4c1ec3355ccf1c7,"['codestructure.semantic.normal.html', 'readini.semantic.abbrev.html', 'countchildren.semantic.single.html', 'parsequerystring.syntactic.normal.html', 'histogram.syntactic.single.html', 'concatlists.syntactic.abbrev.html']",ba,37,yes,no,2,2015-05-22T10:25:07.979971,3,de,no,4,0,6,no,Xing,no,1,Developer,angestellt,1,no,de,,0,other,m,/static/templates/forms/questions3.de.html,FH,2015-05-22T10:26:01.173Z,1,maybe,17,10
d11574130185422aae71a8efd590cef8,"['countchildren.semantic.normal.html', 'readini.semantic.single.html', 'codestructure.semantic.abbrev.html', 'concatlists.syntactic.normal.html', 'parsequerystring.syntactic.single.html', 'histogram.syntactic.abbrev.html']",msc,48,yes,no,2,2015-05-22T10:59:01.387338,3,de,no,4,0,6,no,Empfehlung eines Kollegen,no,3,Entwicklungsleiter,angestellt,3,no,de,,1,abi,m,/static/templates/forms/questions3.de.html,Dipl.-Inform.,2015-05-22T10:59:54.559Z,1,yes,25,7
13a7c90dc4244362968b8a2b45fd6f4f,"['concatlists.semantic.normal.html', 'histogram.semantic.single.html', 'parsequerystring.semantic.abbrev.html', 'countchildren.syntactic.normal.html', 'readini.syntactic.single.html', 'codestructure.syntactic.abbrev.html']",ba,36,yes,no,1,2015-05-22T11:28:00.110205,4,de,no,4,0,6,yes,Mail,no,1,Software-Entwickler / Teamleiter,angestellt,3,2013,de,"Delphi, VB 6,",1,mr,m,/static/templates/forms/questions3.de.html,Bachelor of Science - Informatik,2015-05-22T11:28:53.266Z,0,yes,15,3
c78076ca4f324e20b24e0b321e927075,"['parsequerystring.semantic.single.html', 'concatlists.semantic.normal.html', 'histogram.semantic.abbrev.html', 'countchildren.syntactic.single.html', 'readini.syntactic.abbrev.html', 'codestructure.syntactic.normal.html']",dr,35,yes,no,3,2015-05-22T12:01:06.249465,1,de,no,6,0,6,no,Facebook,no,3,Postdoc,angestellt,1,no,de,Python,0,abi,m,/static/templates/forms/questions3.de.html,"Dipl.-Inform, Dr. rer.nat",2015-05-22T12:02:48.596Z,0,maybe,12,0
2cf03a38c4c3411b9fb5ab9ebc284abe,"['histogram.semantic.normal.html', 'parsequerystring.semantic.abbrev.html', 'concatlists.semantic.single.html', 'readini.syntactic.normal.html', 'countchildren.syntactic.abbrev.html', 'codestructure.syntactic.single.html']",none,23,yes,no,1,2015-05-22T12:21:30.297008,2,de,no,4,0,6,no,E-Mail Hs mannheim,no,4,Informatik Bachelor,student,3,no,de,"java,javascript,c,c++,php,prolog",2,abi,m,/static/templates/forms/questions3.de.html,Allgemeine Hochschul Reife,2015-05-22T12:22:22.744Z,0,yes,3,1
f1ecc0e6316342f28bc6912466ba9e27,"['histogram.semantic.abbrev.html', 'concatlists.semantic.single.html', 'parsequerystring.semantic.normal.html', 'readini.syntactic.abbrev.html', 'codestructure.syntactic.single.html', 'countchildren.syntactic.normal.html']",msc,51,yes,no,3,2015-05-22T12:39:15.537477,4,de,no,4,0,4,no,Von einem Kollegen,no,0,Softwareentwickler,selbststÃ¤ndig,0,no,de,,0,abi,m,/static/templates/forms/questions3.de.html,Dipl. Inf. (FH),2015-05-22T12:40:09.240Z,0,yes,20,8
42efc6bbb5f34d19883b5aba9911fd90,"['codestructure.semantic.abbrev.html', 'countchildren.semantic.normal.html', 'readini.semantic.single.html', 'concatlists.syntactic.normal.html', 'histogram.syntactic.single.html', 'parsequerystring.syntactic.abbrev.html']",lehre,39,yes,no,0,2015-05-22T12:49:37.129929,2,de,no,4,0,6,yes,Xing,no,3,Softwareentwickler Java,angestellt,0,no,de,"Java, C#",0,abi,m,/static/templates/forms/questions3.de.html,Diplom Wirtschaftsinformatiker,2015-05-22T12:50:34.803Z,1,yes,9,2
6ea962eec5e54bfa961a4bf04f6e7c5d,"['concatlists.semantic.abbrev.html', 'parsequerystring.semantic.normal.html', 'histogram.semantic.single.html', 'countchildren.syntactic.abbrev.html', 'readini.syntactic.normal.html', 'codestructure.syntactic.single.html']",other,46,yes,no,0,2015-05-22T13:44:07.827755,4,de,no,4,0,4,yes,"Twitter , Email",yes,1,Softwareentwickler,angestellt,1,2013,de,,1,abi,m,/static/templates/forms/questions3.de.html,---,2015-05-22T13:44:59.347Z,0,yes,17,8
c94b600e2e8d4806ad269fa74b182f59,"['parsequerystring.semantic.abbrev.html', 'histogram.semantic.single.html', 'concatlists.semantic.normal.html', 'codestructure.syntactic.abbrev.html', 'countchildren.syntactic.single.html', 'readini.syntactic.normal.html']",lehre,44,yes,no,3,2015-05-22T17:14:09.980210,4,de,no,5,1,6,yes,"""Empfehlung eines Kollegen",no,2,Informatiker,selbststÃ¤ndig,1,no,de,SQL,0,abi,m,/static/templates/forms/questions3.de.html,Dipl.Informatiker,2015-05-22T17:14:37.911Z,3,yes,20,10
591d935ad9de46059fa689bd92c883d0,"['parsequerystring.semantic.normal.html', 'histogram.semantic.single.html', 'concatlists.semantic.abbrev.html', 'readini.syntactic.normal.html', 'countchildren.syntactic.single.html', 'codestructure.syntactic.abbrev.html']",none,37,yes,no,1,2015-05-22T19:58:22.567288,2,de,no,5,0,6,no,XING,no,2,Entwickelr,angestellt,2,no,de,"Scheme, PowerShell, VBS, VBA, VLSI,",2,abi,m,/static/templates/forms/questions3.de.html,keinen,2015-05-22T19:59:23.229Z,0,yes,10,2
3a065afdd2764ec0ba20b3116417e688,"['concatlists.semantic.abbrev.html', 'histogram.semantic.normal.html', 'parsequerystring.semantic.single.html', 'readini.syntactic.abbrev.html', 'codestructure.syntactic.normal.html', 'countchildren.syntactic.single.html']",lehre,38,yes,no,1,2015-05-22T20:02:31.641477,4,de,no,4,0,6,no,Empfehlung eines Kollegen,no,1,Solution Architect,angestellt,3,no,de,"VB6, Perl",1,mr,m,/static/templates/forms/questions3.de.html,Fachinformatiker,2015-05-22T20:03:23.991Z,2,maybe,13,10
ac4b21c3cf9645318c244d477ba6410e,"['concatlists.semantic.single.html', 'histogram.semantic.normal.html', 'parsequerystring.semantic.abbrev.html', 'codestructure.syntactic.single.html', 'readini.syntactic.normal.html', 'countchildren.syntactic.abbrev.html']",msc,28,yes,no,1,2015-05-22T20:39:05.360596,4,de,no,5,1,6,yes,Email,yes,2,Softwareentwickler,angestellt,1,no,de,,0,abi,m,/static/templates/forms/questions3.de.html,"MSc, BSc, Fachinformatiker",2015-05-22T20:39:58.666Z,1,yes,12,10
a91c96041fbb48fbbecc47d060a40e03,"['countchildren.semantic.normal.html', 'codestructure.semantic.abbrev.html', 'readini.semantic.single.html', 'parsequerystring.syntactic.normal.html', 'concatlists.syntactic.abbrev.html', 'histogram.syntactic.single.html']",msc,40,yes,no,1,2015-05-23T13:22:55.933891,4,de,yes,5,2,6,no,Twitter,no,1,Senior Software-Entwickler,angestellt,3,no,de,Haskell,0,abi,m,/static/templates/forms/questions3.de.html,Master of Engineering,2015-05-23T13:23:50.604Z,1,maybe,16,13
78d76180579d456fa888bd292c4ea93f,"['codestructure.semantic.abbrev.html', 'countchildren.semantic.single.html', 'readini.semantic.normal.html', 'histogram.syntactic.abbrev.html', 'concatlists.syntactic.normal.html', 'parsequerystring.syntactic.single.html']",ba,30,yes,no,1,2015-05-23T15:00:09.415626,1,de,no,5,0,6,no,Twitter,no,1,MSc. Bioinformatik,student,1,no,de,"Python, Matlab, Bash",4,abi,m,/static/templates/forms/questions3.de.html,B.Sc. Bioinformatik,2015-05-23T15:01:04.422Z,0,yes,14,0
d5d903dc95a441f3aebfd25dff447a52,"['histogram.semantic.single.html', 'concatlists.semantic.normal.html', 'parsequerystring.semantic.abbrev.html', 'countchildren.syntactic.normal.html', 'codestructure.syntactic.abbrev.html', 'readini.syntactic.single.html']",msc,32,yes,no,3,2015-05-23T17:15:02.730741,1,de,yes,5,1,6,no,Studenten-Email-Verteiler der HS Mannheim,no,4,Programmierer,student,4,no,de,"Common Lisp, Scheme, Emacs Lisp, Ruby, Python, Erlang",1,abi,m,/static/templates/forms/questions3.de.html,Informatik B.Sc.,2015-05-23T17:15:57.889Z,0,yes,10,0
3369fa42614241faa844e88f364951c4,"['histogram.semantic.abbrev.html', 'parsequerystring.semantic.single.html', 'concatlists.semantic.normal.html', 'codestructure.syntactic.abbrev.html', 'readini.syntactic.single.html', 'countchildren.syntactic.normal.html']",ba,25,yes,no,1,2015-05-23T17:36:08.745282,2,de,no,5,0,6,no,Twitter,yes,4,Wirtschaftsinformatik,student,2,no,de,"Ruby, Python, Bash",4,abi,m,/static/templates/forms/questions3.de.html,B.Sc. Wirtschaftsinformatik,2015-05-23T17:37:04.008Z,1,maybe,12,1
38e98cc5d31e4bcebd08c00372b287ad,"['concatlists.semantic.abbrev.html', 'parsequerystring.semantic.single.html', 'histogram.semantic.normal.html', 'countchildren.syntactic.normal.html', 'codestructure.syntactic.single.html', 'readini.syntactic.abbrev.html']",lehre,47,yes,no,2,2015-05-24T19:05:12.312883,3,de,no,3,1,4,yes,"eMail-Einladung von dir, Twitter",yes,1,Facharbeiter fÃ¼r Datenverarbeitung,selbststÃ¤ndig,1,2013,de,"Magic XPA, Delphi, RPG/400, VB, verschiedene Assembler",0,other,m,/static/templates/forms/questions3.de.html,"Dipl. Ing. EDV Fachschule (DDR, da gabs sowas)",2015-05-24T19:06:09.137Z,1,yes,26,5
376ac7af42a34611b862dfef7615392e,"['histogram.semantic.normal.html', 'parsequerystring.semantic.single.html', 'concatlists.semantic.abbrev.html', 'codestructure.syntactic.abbrev.html', 'countchildren.syntactic.normal.html', 'readini.syntactic.single.html']",msc,29,yes,no,2,2015-05-24T19:48:37.112757,3,de,no,5,1,6,no,Empfehlung eines Kollegen,no,2,.Net Entwickler,angestellt,3,no,de,,3,abi,m,/static/templates/forms/questions3.de.html,Dipl.-Informatiker (BA),2015-05-24T19:49:33.890Z,2,yes,12,4
73190a68154f4a0cbe623c9181c0052c,"['codestructure.semantic.single.html', 'countchildren.semantic.abbrev.html', 'readini.semantic.normal.html', 'concatlists.syntactic.abbrev.html', 'histogram.syntactic.normal.html', 'parsequerystring.syntactic.single.html']",other,41,yes,no,2,2015-05-25T12:17:22.730542,3,de,no,4,0,5,yes,Twitter,yes,1,Softwareentwickler und -architekt,angestellt,1,no,de,"Pascal, Delphi, C++, Ruby, JavaScript, Java, PHP",1,abi,m,/static/templates/forms/questions3.de.html,Staatlich geprÃ¼fter Informatiker,2015-05-25T12:18:21.082Z,0,yes,22,5
5d1bc4e15be84a8095b0ac0ae8cf30aa,"['concatlists.semantic.single.html', 'parsequerystring.semantic.normal.html', 'histogram.semantic.abbrev.html', 'countchildren.syntactic.single.html', 'codestructure.syntactic.abbrev.html', 'readini.syntactic.normal.html']",lehre,43,yes,no,1,2015-05-24T23:18:57.788346,3,de,no,3,0,5,yes,XING,no,1,Software Engeniering Senior Analyst,angestellt,1,no,de,,0,abi,m,/static/templates/forms/questions3.de.html,keinen,2015-05-24T23:19:59.152Z,0,yes,15,7
2be7786b9f3c4b6c97e533ac9e666502,"['readini.semantic.abbrev.html', 'countchildren.semantic.normal.html', 'codestructure.semantic.single.html', 'histogram.syntactic.normal.html', 'concatlists.syntactic.single.html', 'parsequerystring.syntactic.abbrev.html']",lehre,24,yes,no,1,2015-05-25T11:41:51.036979,2,de,no,5,0,6,no,Email,no,1,Informatik,student,0,no,de,,0,abi,m,/static/templates/forms/questions3.de.html,BÃ¼rokaufmann,2015-05-25T11:42:50.499Z,0,yes,3,1
01734d33189a41c18b2a4a882c66bb9f,"['codestructure.semantic.abbrev.html', 'readini.semantic.single.html', 'countchildren.semantic.normal.html', 'histogram.syntactic.single.html', 'parsequerystring.syntactic.abbrev.html', 'concatlists.syntactic.normal.html']",none,23,yes,no,1,2015-05-25T11:31:07.250623,4,de,no,5,1,6,yes,Twitter,yes,2,Informatik (Bachelor),student,4,no,de,"C#, JavaScript, Swift, C, C++, Java, Python, F#, PHP, TypeScript",2,abi,m,/static/templates/forms/questions3.de.html,DemnÃ¤chst den Bachelor of Science,2015-05-25T11:32:05.540Z,0,maybe,8,6
97e23cfe7a614a7e87e9e4b05ddccd76,"['countchildren.semantic.single.html', 'codestructure.semantic.normal.html', 'readini.semantic.abbrev.html', 'histogram.syntactic.normal.html', 'concatlists.syntactic.abbrev.html', 'parsequerystring.syntactic.single.html']",msc,40,yes,no,2,2015-05-25T12:27:13.222728,2,de,no,3,0,4,no,Twitter,no,0,IT-Berater und Softwareentwickler,selbststÃ¤ndig,1,no,de,,0,abi,m,/static/templates/forms/questions3.de.html,Diplom-Informatiker (FH),2015-05-25T12:28:03.403Z,1,yes,15,10
1038a7e9bfff41cb92c4f094cab3bb3a,"['concatlists.semantic.normal.html', 'histogram.semantic.abbrev.html', 'parsequerystring.semantic.single.html', 'codestructure.syntactic.single.html', 'readini.syntactic.abbrev.html', 'countchildren.syntactic.normal.html']",msc,28,yes,no,1,2015-05-25T12:49:18.693159,4,de,no,6,1,6,no,Twitter,no,2,Web Developer,angestellt,4,no,other,,2,other,m,/static/templates/forms/questions3.de.html,Dipl.-Inform.,2015-05-25T12:50:12.395Z,1,maybe,8,5
3cd7e7f6e7f241acb605deddbb6f82b3,"['histogram.semantic.normal.html', 'parsequerystring.semantic.abbrev.html', 'concatlists.semantic.single.html', 'readini.syntactic.normal.html', 'countchildren.syntactic.abbrev.html', 'codestructure.syntactic.single.html']",msc,43,yes,no,2,2015-05-25T12:46:22.817677,4,de,yes,6,0,6,no,Twitter via Ingo Rammer,no,1,CTO,selbststÃ¤ndig,3,no,de,Keine die sonst noch relevant ist (abgesehen von den obigen),1,abi,m,/static/templates/forms/questions3.de.html,Eidg. Dipl. Inf. Ing. ETH,2015-05-25T12:47:21.082Z,1,yes,25,15
4f0eae141f904c0ebc219e66e8ea7b53,"['codestructure.semantic.abbrev.html', 'countchildren.semantic.normal.html', 'readini.semantic.single.html', 'concatlists.syntactic.normal.html', 'histogram.syntactic.single.html', 'parsequerystring.syntactic.abbrev.html']",none,49,yes,no,1,2015-05-25T13:58:44.115382,4,de,yes,6,1,6,yes,Ruf in der Macht,no,1,"Diplom-Physiker, Miglied des hohen Rates",selbststÃ¤ndig,3,no,de,"T-SQL, VB.NET, JavaScript, C, Fortran, PHP, F#, Java",1,abi,m,/static/templates/forms/questions3.de.html,Diplom-Physiker TU,2015-05-25T13:59:41.231Z,3,yes,20,12
bc45040dfdd04ea4913ecb3324a47b29,"['concatlists.semantic.abbrev.html', 'parsequerystring.semantic.normal.html', 'histogram.semantic.single.html', 'countchildren.syntactic.abbrev.html', 'readini.syntactic.normal.html', 'codestructure.syntactic.single.html']",lehre,35,yes,no,0,2015-05-30T15:56:49.645393,1,de,no,4,0,6,no,"Twitter, Topic ""Heidelberg""",no,1,Informatik,student,1,no,de,ABAP,0,abi,m,/static/templates/forms/questions2.de.html,Softwaretechnik,2015-05-30T15:57:54.695Z,0,maybe,3,0
d94a92dbde0d4b9fb3e53eb4f53cbbe1,"['histogram.semantic.single.html', 'concatlists.semantic.normal.html', 'parsequerystring.semantic.abbrev.html', 'countchildren.syntactic.normal.html', 'codestructure.syntactic.abbrev.html', 'readini.syntactic.single.html']",lehre,30,yes,no,2,2015-05-29T20:19:36.364957,4,de,no,4,1,4,yes,Twitter,yes,2,Entwickler,selbststÃ¤ndig,3,no,de,"Assembler, awk, bash, Dart, Go, Lua, Objective-C, Perl, Python, Ruby, Tcl, XSLT",2,mr,m,/static/templates/forms/questions3.de.html,-,2015-05-29T20:20:35.318Z,1,yes,14,12
15a39e3185bf4a9a8083efd85a0dd87b,"['histogram.semantic.abbrev.html', 'parsequerystring.semantic.single.html', 'concatlists.semantic.normal.html', 'codestructure.syntactic.abbrev.html', 'readini.syntactic.single.html', 'countchildren.syntactic.normal.html']",msc,37,yes,no,3,2015-05-29T22:48:25.025167,1,de,no,4,0,6,no,Twitter,no,3,Softwareentwickler,angestellt,0,no,de,,0,abi,m,/static/templates/forms/questions3.de.html,Dipl.-Inform. (FH),2015-05-29T22:49:31.869Z,0,maybe,20,1
354429b16adf4c07902475fcdc595661,"['concatlists.semantic.abbrev.html', 'parsequerystring.semantic.single.html', 'histogram.semantic.normal.html', 'countchildren.syntactic.normal.html', 'codestructure.syntactic.single.html', 'readini.syntactic.abbrev.html']",msc,3,yes,no,1,2015-05-30T11:41:31.557145,4,de,no,5,0,6,yes,Twitter,yes,1,Softwareentwickler / Archtekt,selbststÃ¤ndig,1,2013,de,"R, Bash",0,abi,m,/static/templates/forms/questions3.de.html,Dipl.-Inform.,2015-05-30T11:42:33.554Z,0,yes,18,10
cd7e549273d94c50b2246c64319c82c5,"['readini.semantic.abbrev.html', 'countchildren.semantic.normal.html', 'codestructure.semantic.single.html', 'histogram.syntactic.normal.html', 'concatlists.syntactic.single.html', 'parsequerystring.syntactic.abbrev.html']",lehre,27,yes,no,1,2015-05-30T14:37:04.349392,3,de,no,4,0,6,no,Twitter,no,1,Business Application and Development Analyst,angestellt,1,no,de,AutoIt,1,abi,m,/static/templates/forms/questions3.de.html,Fachinformatiker Fachrichtung Anwendungsentwicklung,2015-05-30T14:38:14.473Z,3,yes,7,5
4702cac704844bf7af1408fe988d636c,"['concatlists.semantic.single.html', 'parsequerystring.semantic.normal.html', 'histogram.semantic.abbrev.html', 'countchildren.syntactic.single.html', 'codestructure.syntactic.abbrev.html', 'readini.syntactic.normal.html']",none,37,yes,no,2,2015-05-30T16:33:43.264923,4,de,no,5,3,5,yes,Twitter,yes,3,Configuration Engineer,selbststÃ¤ndig,3,2013,de,"Rust, Go, O'Caml, Erlang, Dart, Elixir, Prolog, Python, Perl",1,abi,m,/static/templates/forms/questions3.de.html,Dipl.-Inform.,2015-05-30T16:34:37.164Z,3,yes,16,14
31099a59f0db44b4aa90c5e03f8d0365,"['codestructure.semantic.abbrev.html', 'countchildren.semantic.normal.html', 'readini.semantic.single.html', 'concatlists.syntactic.normal.html', 'histogram.syntactic.single.html', 'parsequerystring.syntactic.abbrev.html']",msc,33,yes,no,0,2015-05-30T17:21:14.078885,4,de,no,5,0,6,no,Twitter,no,1,"Senior Software Engineer, Fachleiter .NET Technologien",angestellt,2,no,de,,1,abi,m,/static/templates/forms/questions3.de.html,"Dipl. Ing. Informatik, Master Human Computer Interaction Design",2015-05-30T17:22:15.126Z,0,yes,9,9
a757c193afbc404aae57c2bf0b6ce74e,"['histogram.semantic.abbrev.html', 'parsequerystring.semantic.single.html', 'concatlists.semantic.normal.html', 'codestructure.syntactic.abbrev.html', 'readini.syntactic.single.html', 'countchildren.syntactic.normal.html']",ba,30,yes,no,0,2015-05-30T21:23:38.712854,4,de,no,4,1,6,no,Twitter,no,1,Software Engineer,angestellt,4,no,de,Visual Basic 6,0,abi,m,/static/templates/forms/questions3.de.html,Bachelor of science (BA),2015-05-30T21:24:52.227Z,2,yes,10,3
2032624690e24f458d3a05e0bfa8698c,"['codestructure.semantic.abbrev.html', 'countchildren.semantic.normal.html', 'readini.semantic.single.html', 'concatlists.syntactic.normal.html', 'histogram.syntactic.single.html', 'parsequerystring.syntactic.abbrev.html']",msc,35,yes,no,1,2015-06-01T08:46:02.226961,4,de,no,6,1,6,no,Twitter,no,2,Principal Consultant,angestellt,3,no,de,"Pascal, Modula2, PLSQL, TSQL, Cobol, Scala, CoffeeScript, Ruby",1,abi,m,/static/templates/forms/questions3.de.html,Master,2015-06-01T08:47:11.677Z,2,yes,20,10
20c2dd965c5a4fe5a4a806b290a143d0,"['codestructure.semantic.abbrev.html', 'countchildren.semantic.single.html', 'readini.semantic.normal.html', 'histogram.syntactic.abbrev.html', 'concatlists.syntactic.normal.html', 'parsequerystring.syntactic.single.html']",lehre,35,yes,no,0,2015-06-09T10:26:25.002587,4,de,no,4,0,4,no,Empfehlung eines Kollegen,no,0,Entwickler,angestellt,2,no,de,"ActionScript, Visual Basic, PHP, JavaScript",2,abi,m,/static/templates/forms/questions3.de.html,Fachinformatiker,2015-06-09T10:27:47.743Z,2,maybe,14,12
25130c2dbf3d40919a7d70449b5e1d6e,"['histogram.semantic.single.html', 'concatlists.semantic.normal.html', 'parsequerystring.semantic.abbrev.html', 'countchildren.syntactic.normal.html', 'codestructure.syntactic.abbrev.html', 'readini.syntactic.single.html']",other,36,yes,yes,0,2015-06-09T12:48:33.567961,0,de,no,5,0,6,no,Empfehlung eines Kollegen,no,0,Test,other,0,no,de,,0,other,m,/static/templates/forms/questions3.de.html,Test,2015-06-09T12:49:56.468Z,0,yes,0,0
db660a798526421cbcdab7866cbc0bcf,"['histogram.semantic.normal.html', 'parsequerystring.semantic.abbrev.html', 'concatlists.semantic.single.html', 'readini.syntactic.normal.html', 'countchildren.syntactic.abbrev.html', 'codestructure.syntactic.single.html']",msc,35,yes,no,2,2015-06-09T13:13:46.743783,3,de,no,4,1,6,yes,Empfehlung eines Kollegen,no,1,Softwareentwickler,angestellt,1,no,de,,1,abi,m,/static/templates/forms/questions3.de.html,Dipl.-Ing. Informatik (BA),2015-06-09T13:15:09.690Z,0,maybe,10,6
87d3e8a163e34285919a1b27e12a03e3,"['histogram.semantic.normal.html', 'parsequerystring.semantic.single.html', 'concatlists.semantic.abbrev.html', 'codestructure.syntactic.abbrev.html', 'countchildren.syntactic.normal.html', 'readini.syntactic.single.html']",none,25,yes,no,3,2015-06-09T14:27:02.801965,0,de,no,4,0,5,no,Bekannter,no,3,Kommunikation und Medieninformatik,student,3,no,de,"Python, Bash",1,abi,m,/static/templates/forms/questions3.de.html,keinen,2015-06-09T14:28:15.775Z,0,yes,5,0
37e589025b744f0f874171ed067b334e,"['parsequerystring.semantic.normal.html', 'histogram.semantic.abbrev.html', 'concatlists.semantic.single.html', 'readini.syntactic.single.html', 'codestructure.syntactic.normal.html', 'countchildren.syntactic.abbrev.html']",lehre,31,yes,no,1,2015-06-09T19:10:06.420311,3,de,no,4,0,6,no,Twitter,yes,2,Anwendungsentwickler,angestellt,3,no,de,,1,abi,m,/static/templates/forms/questions3.de.html,staatlich anerkannter Techniker,2015-06-09T19:11:29.293Z,1,yes,8,7
002a3d8dd87348f0afb060be99b9fb98,"['concatlists.semantic.single.html', 'histogram.semantic.abbrev.html', 'parsequerystring.semantic.normal.html', 'countchildren.syntactic.abbrev.html', 'codestructure.syntactic.single.html', 'readini.syntactic.normal.html']",lehre,37,yes,no,1,2015-06-10T14:08:48.110314,4,de,no,5,0,6,yes,Twitter,yes,1,Software Developer,angestellt,1,no,pl,"concept 16
VB6
VBS/VBA
Logo
Turbo Pascal",0,abi,m,/static/templates/forms/questions3.de.html,Fachinformatiker Anwendungsentwicklung,2015-06-10T14:10:12.750Z,3,yes,15,8
c672ce9398d04212a5798966870e5dd8,"['parsequerystring.semantic.normal.html', 'histogram.semantic.single.html', 'concatlists.semantic.abbrev.html', 'readini.syntactic.normal.html', 'countchildren.syntactic.single.html', 'codestructure.syntactic.abbrev.html']",ba,30,yes,no,3,2015-06-10T14:56:10.007417,3,de,no,4,0,6,no,Kollege,no,1,Softwareentwickler,angestellt,2,no,it,,1,abi,m,/static/templates/forms/questions3.de.html,Bachelor of Science,2015-06-10T14:57:34.741Z,3,maybe,7,5
325e27d2d4e14adba9fce8339f728247,"['histogram.semantic.normal.html', 'parsequerystring.semantic.single.html', 'concatlists.semantic.abbrev.html', 'codestructure.syntactic.abbrev.html', 'countchildren.syntactic.normal.html', 'readini.syntactic.single.html']",msc,36,yes,no,1,2015-06-10T15:40:31.726728,4,de,yes,5,0,5,no,Twitter,yes,1,Teamleiter,angestellt,2,2015,de,,3,abi,m,/static/templates/forms/questions3.de.html,Dipl.-Inform. (FH),2015-06-10T15:41:56.390Z,0,yes,20,14
8abce119b1f04d3c80df62d7ee53eb38,"['parsequerystring.semantic.normal.html', 'histogram.semantic.abbrev.html', 'concatlists.semantic.single.html', 'readini.syntactic.single.html', 'codestructure.syntactic.normal.html', 'countchildren.syntactic.abbrev.html']",msc,38,yes,no,1,2015-06-11T06:58:11.492972,3,de,no,4,1,6,no,Kollege,no,1,Softwareentwickler,angestellt,1,no,de,,0,abi,m,/static/templates/forms/questions3.de.html,Dipl.-Inf. (FH),2015-06-11T06:59:37.953Z,0,maybe,8,5
833fa3166cc847fea5bcb568bdc32226,"['countchildren.semantic.normal.html', 'codestructure.semantic.abbrev.html', 'readini.semantic.single.html', 'parsequerystring.syntactic.normal.html', 'concatlists.syntactic.abbrev.html', 'histogram.syntactic.single.html']",none,45,yes,no,2,2015-06-11T08:22:01.782088,4,de,no,4,0,5,yes,Twitter,no,1,Softwaredesigner,angestellt,1,no,de,,1,abi,m,/static/templates/forms/questions3.de.html,-,2015-06-11T08:23:27.636Z,2,yes,20,12
60e3920a39df484c9539862682c3c779,"['histogram.semantic.single.html', 'concatlists.semantic.normal.html', 'parsequerystring.semantic.abbrev.html', 'countchildren.syntactic.normal.html', 'codestructure.syntactic.abbrev.html', 'readini.syntactic.single.html']",msc,44,yes,no,0,2015-06-11T08:34:43.186373,4,de,no,4,1,6,yes,Twitter,yes,1,Senior Consultant IT Development,angestellt,2,no,de,Smalltalk,1,abi,m,/static/templates/forms/questions3.de.html,Diplom Informatiker der Medizin,2015-06-11T08:36:09.152Z,3,yes,15,12
6998b38b9e9f4c069aaf4999b68014df,"['concatlists.semantic.single.html', 'histogram.semantic.abbrev.html', 'parsequerystring.semantic.normal.html', 'countchildren.syntactic.abbrev.html', 'codestructure.syntactic.single.html', 'readini.syntactic.normal.html']",msc,33,yes,no,1,2015-06-11T11:29:05.580636,4,de,no,5,2,6,no,,no,1,Software Ingenieur,angestellt,1,no,de,,0,none,m,/static/templates/forms/questions3.de.html,Dipl. Ing. Informatik,2015-06-11T11:30:32.344Z,0,yes,10,4
8462cc5900c344efb2dd7dabc36a6eec,"['histogram.semantic.normal.html', 'parsequerystring.semantic.single.html', 'concatlists.semantic.abbrev.html', 'codestructure.syntactic.abbrev.html', 'countchildren.syntactic.normal.html', 'readini.syntactic.single.html']",ba,36,yes,no,1,2015-06-11T14:06:59.149592,4,de,no,5,2,5,no,Twitter,no,2,Softwareentwickler,angestellt,1,no,de,Haskell,0,abi,m,/static/templates/forms/questions3.de.html,Mathematisch-Technischer Softwareentwickler,2015-06-11T14:08:23.483Z,1,yes,5,5
837905f2669f4d3d81d1ca47939e8e0f,"['histogram.semantic.normal.html', 'parsequerystring.semantic.single.html', 'concatlists.semantic.abbrev.html', 'codestructure.syntactic.abbrev.html', 'countchildren.syntactic.normal.html', 'readini.syntactic.single.html']",msc,37,yes,no,3,2015-06-11T13:48:10.414403,4,de,no,5,2,6,no,Twitter,no,3,Diplom-Informatiker,selbststÃ¤ndig,4,no,de,,0,abi,m,/static/templates/forms/questions3.de.html,Diplom-Informatiker,2015-06-11T13:49:41.612Z,0,maybe,20,8
343d7276559c433db75135cd8057bc03,"['parsequerystring.semantic.normal.html', 'histogram.semantic.abbrev.html', 'concatlists.semantic.single.html', 'readini.syntactic.single.html', 'codestructure.syntactic.normal.html', 'countchildren.syntactic.abbrev.html']",msc,40,yes,no,3,2015-06-11T13:47:57.328179,3,de,no,4,1,5,no,Twitter,no,2,Software Architect,angestellt,2,no,de,,1,abi,m,/static/templates/forms/questions3.de.html,Dipl.-Inform. (FH),2015-06-11T13:49:23.393Z,0,maybe,25,5
a4d27d625ae84572b00e8c7f88a7e23c,"['parsequerystring.semantic.normal.html', 'histogram.semantic.abbrev.html', 'concatlists.semantic.single.html', 'readini.syntactic.single.html', 'codestructure.syntactic.normal.html', 'countchildren.syntactic.abbrev.html']",msc,32,yes,no,0,2015-06-11T17:31:42.289996,4,de,no,5,1,6,no,Empfehlung eines Kollegen,no,1,Software Architekt,angestellt,0,no,de,,1,hauptschule,m,/static/templates/forms/questions3.de.html,Dipl. Inf. Ing. FH,2015-06-11T17:33:08.848Z,1,yes,8,8
